Program,Program Type/Target,Level of Government,Category,Income or Asset Tested,Eligibility Category,Other Eligibility Requirements:,Program Overview,Website Link,Notes,Importance Ranking
Canada Child Benefit,Children and Family,Federal,Income Support,Income Tested,Dependent child(ren),,The Canada child benefit (CCB) is a tax-free monthly payment made to eligible families to help them with the cost of raising children under 18 years of age.,https://www.canada.ca/en/revenue-agency/services/child-family-benefits/canada-child-benefit-overview.html,,2
Child Disability Benefit,Children and Family,Federal,Income Support,Income Tested,Dependent child(ren) AND Disability,,The child disability benefit is a tax-free monthly payment made to families who care for a child under age 18 with a severe and prolonged impairment in physical or mental functions.,https://www.canada.ca/en/revenue-agency/services/child-family-benefits/child-disability-benefit.html,,1
Affordable Child Care Benefit,Children and Family,Provincial,Income Support,Income Tested,Dependent child(ren),"Child in childcare because individual/family is searching for work, is attending school, is employed, or has a medical condition that interferes with their ability to care for their child","The ACCB helps families with the cost of child care, depending on factors like family size, type of care and household income.",https://www2.gov.bc.ca/gov/content/family-social-supports/caring-for-young-children/child-care-funding/child-care-benefit,,1
Automatic Child Benefits Top-Up Supplement,Children and Family,Provincial,Income Support,Means Tested,"IA, DA and/or HA supplement (Low Income) AND Dependent child(ren)","Family unit's  child benefit payment is less than $197.95/month for 1 child, $173.13/month for the second child, and $166.64/month for each additional child","The child benefits top-up supplement is a provincial government benefit, administered by the BC Employment and Assistance (BCEA) program, designed to support BCEA families with dependent children when a family unit’s CCB payment is less than the child benefits top-up supplement",https://www2.gov.bc.ca/gov/content/governments/policies-for-government/bcea-policy-and-procedure-manual/general-supplements-and-programs/child-benefits-top-up-supplement,,1
BC Child Opportunity Benefit,Children and Family,Provincial,Income Support,Income Tested,Dependent child(ren),,The B.C. Child Opportunity Benefit provides a tax-free monthly payment to families with children under the age of 18.,https://www2.gov.bc.ca/gov/content/family-social-supports/family-benefits/child-opportunity-benefit,Will be implemented in Oct. 2020,2
Camp Fees Supplement,Children and Family,Provincial,Income Support,Means Tested,"IA, DA and/or HA supplement (Low Income) AND Dependent child(ren)",Attendance at a recognized camp,A supplement may be provided to fully or partially cover the cost of attendance at a recognized camp for children of income assistance and disability assistance recipients and adult recipients of disability assistance.,https://www2.gov.bc.ca/gov/content/governments/policies-for-government/bcea-policy-and-procedure-manual/general-supplements-and-programs/camp-fees-supplement,Subject to available funding,1
Childcare Fee Reduction Initiative,Children and Family,Provincial,Income Support,Neither,Other,Licensed child care provider,The purpose of the CCFRI is to help enhance childcare affordability through parent fee reduction funding and stabilized childcare fees.  Parents do not need to apply for the fee reduction. Child care providers need to apply in order to receive funding. Participation in CCFRI is voluntary.,https://www2.gov.bc.ca/gov/content/family-social-supports/caring-for-young-children/running-daycare-preschool/child-care-operating-funding/child-care-fee-reduction-initiative-provider-opt-in-status,,1
Crisis Supplement,Financial Supports: Non-Work,Provincial,Income Support,Means Tested,"IA, DA and/or HA supplement (Low Income)","Unexpected expense and the failure to meet it will result in imminent danger to the physical health of any person in the family unit or removal of a child under the Child, Family and Community Service Act","A crisis supplement may be available to provide recipients who face unexpected emergency needs with a one-time payment to prevent imminent danger to their physical health or the removal of a child under the Child, Family and Community Service Act.",https://www2.gov.bc.ca/gov/content/governments/policies-for-government/bcea-policy-and-procedure-manual/general-supplements-and-programs/crisis-supplement,,1
Family Maintenance Services,Children and Family,Provincial,Income Support,Means Tested,"IA, DA and/or HA supplement (Low Income) AND Dependent child(ren)",,"Provides help  to clients with obtaining or defending a maintenance order or written agreement, the client may request family maintenance services and assign their maintenance rights to the ministry.",https://www2.gov.bc.ca/gov/content/governments/policies-for-government/bcea-policy-and-procedure-manual/general-supplements-and-programs/family-maintenance-services,,1
"Moving, Transportation and Living Costs (for child protection hearing)",Children and Family,Provincial,Income Support,Means Tested,"IA, DA and/or HA supplement (Low Income) AND Dependent child(ren)",recipient is a party in a child protection proceeding,"To cover necessary moving, transportation, and living expenses including expenses related to attending child protection hearings and family maintenance services",https://www2.gov.bc.ca/gov/content/governments/policies-for-government/bcea-policy-and-procedure-manual/general-supplements-and-programs/moving-transportation-and-living-costs,,1
Nutritional Supplement: infant formula,Children and Family,Provincial,Income Support,Means Tested,"IA, DA and/or HA supplement (Low Income) AND Dependent child(ren)",Child has a medical condition that requires specialized formula to treat OR child is at risk of contracting a disease through breast feeding,Regular infant formula may be provided to children during the first 12 months when there is a medically confirmed risk of disease transmittal from the mother's breast milk; and specialized infant formula may be provided to children who have a confirmed medical condition that requires the specialized formula.,https://www2.gov.bc.ca/gov/content/governments/policies-for-government/bcea-policy-and-procedure-manual/health-supplements-and-programs/nutritional-supplements,Until child is 12 months,1
School Start-up Supplement,Children and Family,Provincial,Income Support,Means Tested,"IA, DA and/or HA supplement (Low Income) AND Dependent child(ren)",,To assist with extra costs associated with schooling for a person under 19 years of age,https://www2.gov.bc.ca/gov/content/governments/policies-for-government/bcea-policy-and-procedure-manual/general-supplements-and-programs/school-start-up-supplement,,1
Temporary Child Benefits Top-Up Supplement,Children and Family,Provincial,Income Support,Neither,Dependent child(ren),Refugee Claimants and clients in Canada under a Temporary Resident Permit that do not meet the 18-month residency requirement for CCB as required by the Canada Revenue Agency (CRA),This supplement is provided by SDPR in specific circumstances when families are temporarily without the federal Canada Child Benefit ,https://www2.gov.bc.ca/gov/content/governments/policies-for-government/bcea-policy-and-procedure-manual/general-supplements-and-programs/child-benefits-top-up-supplement,,1
Temporary Child Benefits Top-Up Supplement,Children and Family,Provincial,Income Support,Neither,"IA, DA and/or HA supplement (Low Income) AND Dependent child(ren)",,This supplement is provided by SDPR in specific circumstances when families are temporarily without the federal Canada Child Benefit ,https://www2.gov.bc.ca/gov/content/governments/policies-for-government/bcea-policy-and-procedure-manual/general-supplements-and-programs/child-benefits-top-up-supplement,,1
Education and Training Benefit,"Education, Training, and Employment",Federal,Income Support,Neither,Veteran or Canadian Armed Forces,,Helps in financing veteran's education,https://www.veterans.gc.ca/eng/education-and-jobs/back-to-school/education-training-benefit,Amount payable based on years of service,1
Aboriginal Leadership Opportunities Year,"Education, Training, and Employment",Federal,Income Support,Neither,First nations/aboriginal/inuit,,"One-year program at RMC designed to provide students of Indigenous heritage with individual, group, and cultural experiences that will help build leadership and life skills.",https://forces.ca/en/programs-for-indigenous-peoples/#aloyt,,1
Apprenticeship Completion Grant (ACG),"Education, Training, and Employment",Federal,Income Support,Neither,Other,Completion of journeyman certification,Taxable cash grant for registered apprentices who successfully complete their program,https://www.canada.ca/en/employment-social-development/services/funding/apprenticeship-completion-overview.html,,1
Apprenticeship Incentive Grant (AIG),"Education, Training, and Employment",Federal,Income Support,Neither,Other,Enrolled in apprenticeship program,The Apprenticeship Incentive Grant (AIG) helps you pay for expenses while you train as an apprentice in a designated Red Seal trade.,https://www.canada.ca/en/employment-social-development/services/funding/apprenticeship-incentive-overview.html,,1
Apprenticeship Incentive Grant for Women,"Education, Training, and Employment",Federal,Income Support,Neither,Other,Women AND Enrolled in apprenticeship program,The Apprenticeship Incentive Grant for Women (AIG-W) helps you pay for expenses while you train as an apprentice in a Designated Red Seal Trade where women are underrepresented.,https://www.canada.ca/en/employment-social-development/services/funding/apprenticeship-incentive-women-overview.html,,1
Canada Education Savings Grant ,"Education, Training, and Employment",Federal,Income Support,Neither,Dependent child(ren),,The Canada Education Savings Grant (CESG) is money that the Government adds to a Registered Education Savings Plan (RESP). This money helps to pay the costs of a child’s full- or part-time studies after high school ,https://www.canada.ca/en/services/benefits/education/education-savings/savings-grant.html,RESP matching grant,1
Canada Education Savings Grant addition,"Education, Training, and Employment",Federal,Income Support,Income Tested,Dependent child(ren),,The Additional amount of CESG is available to eligible children from middle- and low-income families. ,https://www.canada.ca/en/services/benefits/education/education-savings/savings-grant/eligibility.html,,1
Canada Learning Bond,"Education, Training, and Employment",Federal,Income Support,Income Tested,Dependent child(ren) AND Low Income,,The Canada Learning Bond (CLB) is money that the Government adds to a Registered Education Savings Plan (RESP) for children from low-income families. This money helps to pay the costs of a child’s full- or part-time studies after high school ,https://www.canada.ca/en/employment-social-development/services/learning-bond.html,,1
Canada Student Grants,"Education, Training, and Employment",Federal,Income Support,Income Tested,Other,Attending post-secondary,The Government of Canada offers student grants and loans to full-time and part-time students. Grants and loans help students pay for their post-secondary education.,https://www.canada.ca/en/services/benefits/education/student-aid/grants-loans.html,,1
Canada Student Loans,"Education, Training, and Employment",Federal,Income Support,Income Tested,Other,Attending post-secondary,,,,1
Canada Training Credit,"Education, Training, and Employment",Federal,Income Support,Income Tested,Other,Employed,"To help Canadians with the cost of training fees. Eligible workers between the ages of 25 and 64 accumulate a credit balance at a rate of $250 per year, up to a lifetime limit of $5,000. The credit can be used to refund up to half the costs of taking a course or enrolling in a training program.",https://www.budget.gc.ca/2019/docs/themes/good-jobs-de-bons-emplois-en.html,,1
First Nation & Inuit post-secondary student support program,"Education, Training, and Employment",Federal,Income Support,Neither,First nations/aboriginal/Inuit,,The program aims to improve the employability of First Nations and eligible Inuit students by providing them with funding to access education and skills development opportunities at the post-secondary level.,https://www.sac-isc.gc.ca/eng/1100100033682/1531933580211,,1
Skills Link,"Education, Training, and Employment",Federal,Income Support,Neither,Other,Youth,"The Skills Link program is a component of the Government of Canada's Youth Employment Strategy (YES). Through funding of organizations, the Skills Link program helps youth overcome barriers to employment, develop a broad range of skills and knowledge in order to participate in the current and future labour market and to promote education and skills as being key to labour market participation",https://www.canada.ca/en/employment-social-development/services/funding/skills-link.html,,1
Aboriginal Emergency Assistance Fund (post-secondary),"Education, Training, and Employment",Provincial,Income Support,Neither,First nations/aboriginal/Inuit,Short-term financial crisis,Emergency financial assistance is provided by public post-secondary institutions to assist students who have urgent unforeseen financial needs that may prevent them from finishing their studies; students to contact the “Aboriginal Student Services at their institution ,,Subject to available funding,1
Agreements with Young Adults,"Education, Training, and Employment",Provincial,Income Support,Neither,Other,Formerly in foster care AND ages 19-26,"For persons who had been foster care or had a Youth Agreement, this program helps cover the cost of things like housing, child care, tuition and health care while they go back to school, or attend rehabilitation, vocational or approved life skills program",https://www2.gov.bc.ca/gov/content/family-social-supports/youth-and-family-services/teens-in-foster-care/agreements-with-young-adults,To be used for living expenses while attending school/training,1
BC access grant for students with permanent disabilities,"Education, Training, and Employment",Provincial,Income Support,Income Tested,Disability,,"This program helps full-time students with a permanent disability with the cost of education by replacing approximately $1,000 in B.C. student loan funding",https://studentaidbc.ca/explore/grants-scholarships/bc-access-grant-students-permanent-disabilities,,1
BC Education and Training Savings Grant ,"Education, Training, and Employment",Provincial,Income Support,Neither,Dependent child(ren),,"The BC Government will contribute $1,200 to eligible children (who are beneficiaries of an RESP) through the BC Training and Education Savings Grant (BCTESG). The BCTESG requires no matching or additional contributions",https://www2.gov.bc.ca/gov/content/education-training/k-12/support/scholarships/bc-training-and-education-savings-grant,RESP matching grant,1
Community Adult Literacy Program,"Education, Training, and Employment",Provincial,Income Support,Neither,Other,,The Community Adult Literacy Program (CALP) is a community-based literacy initiative to promote and deliver adult literacy programs and services across the province; the goal of CALP is to increase the literacy and numeracy levels of adults 19 years and older through one on one or small group learning environments ,,,1
Skills Training for Employment (WDA),"Education, Training, and Employment",Provincial,Income Support,Neither,Other,Unemployed Or underemployed,Provide skills training and supports to those who face barriers to employment. The B.C. Government is investing over $50M per year in programs for vulnerable and under-represented groups. Included in this programming is a new program (the Skills Training for Employment program (STE) targeting: young adults; young adults at risk (including former youth in care); survivors of violence and abuse; older workers 55+; people with multiple barriers to employment; and indigineous peoples,https://www.workbc.ca/Training-Education/Skills-Training-for-Employment.aspx,,2
StudentAid BC,"Education, Training, and Employment",Provincial,Income Support,Neither,Other,Attending post-secondary,"StudentAid BC helps eligible students with the cost of their post-secondary education through loans, grants, scholarships, and other programs",https://studentaidbc.ca,"Variety of loans, grants, and scholarships",2
Travel Supplement,"Education, Training, and Employment",Provincial,Income Support,Means Tested,"IA, DA and/or HA supplement (Low Income) AND Disability",,May be provided to assist with the cost of attending a self-help skill program or supported work-placement program approved by Community Living British Columbia ,https://www2.gov.bc.ca/gov/content/governments/policies-for-government/bcea-policy-and-procedure-manual/general-supplements-and-programs/travel-supplement,,1
WorkBC  Employment Services (LMDA),"Education, Training, and Employment",Provincial,Income Support,Neither,Other,Unemployed Or underemployed,WorkBC Employment Services supports all unemployed British Columbians in achieving sustainable employment through an integrated system of employment services and supports,https://www.workbc.ca/Employment-Services/Labour-Market-Programs/Employment-Services-and-Supports-Program.aspx,"Referrals from EI, BCEA programs, and CommunityLiving",2
WorkBC Apprentice Services (LMDA),"Education, Training, and Employment",Provincial,Income Support,Income Tested,Other,Unemployed Or underemployed,"Apprentices who meet Employment Insurance (EI) client eligibility requirements are eligible for financial supports WorkBC while participating in the classroom technical training components of their apprenticeship training. WorkBC Apprentice Services helps with expenses such as living supports, travel, dependent care and disability-related costs.",https://www.workbc.ca/Employment-Services/Apprentice-Services.aspx,Part of the LMDA ,1
WorkBC Assistive Technology Services (LMDA),"Education, Training, and Employment",Provincial,Income Support,Neither,Disability,,Assistive Technology Services provides equipment and devices to help individuals thrive in the workplace.,https://www.workbc.ca/Employment-Services/Assistive-Technology-Services.aspx,Part of the LMDA ,1
WorkBC Single Parent Employment Initiative (LMDA),"Education, Training, and Employment",Provincial,Income Support,Means Tested,"IA, DA and/or HA supplement (Low Income) AND Dependent child(ren)",Single Parent,Provides financial and Employment Service Centres service/supports to single parents on income or disability assistance to help them re-enter the workforce.,https://www2.gov.bc.ca/gov/content/family-social-supports/income-assistance/on-assistance/employment-planning/spei,Part of the LMDA ,2
Provincial Tuition Waiver Program,"Education, Training, and Employment",Provincial,Income Support,Neither,Other,Former youth in care AND 19-26 years old AND attending post-secondary in BC,This program waives tuition fees for B.C. students who are former youth in care between 19 and up to their 27th birthday who are attending a B.C. public post-secondary institution.,https://www2.gov.bc.ca/gov/content/education-training/post-secondary-education/pay-for-school/provincial-tuition-waiver-program,,1
Youth Educational Assistance Fund for Former Youth in Care,"Education, Training, and Employment",Provincial,Income Support,Neither,Other,Former youth in care AND 19-24 years old,"This program provides grants of up to $5,500 per program year to former BC youth in care students between 19 and 24 years of age. Students may receive a maximum of four grants",https://studentaidbc.ca/explore/grants-scholarships/youth-educational-assistance-fund-former-youth-care#Am_I_eligible?,To cover tuition,1
Language Instruction for Newcomers to Canada,"Education, Training, and Employment",Federal,Income Support,Neither,Immigrant/Refugee/New to Canada,,"If you’re a permanent resident or a protected person, you can take language classes at no cost. They are funded by the government.",https://www.canada.ca/en/immigration-refugees-citizenship/services/new-immigrants/new-life-canada/improve-english-french/classes.html,,1
Career Paths for Skilled Immigrants,"Education, Training, and Employment",Provincial,Income Support,Neither,Immigrant/Refugee/New to Canada,Unemployed Or underemployed,Program provides services to help immigrants find skilled employment in BC using the education and experience they bring to Canada.  Services are customized to the participant’s needs including support specific to in-demand occupations,https://www.workbc.ca/Employment-Services/Labour-Market-Programs/Career-Paths-for-Skilled-Immigrants-Program.aspx,,1
Canadian Forces Disability Benefits,Financial Supports: Non-Work,Federal,Income Support,Neither,Veteran or Canadian Armed Forces AND Disability,,"A disability benefit is a tax-free, financial payment to support your well-being. The amount you receive depends on the degree to which your condition is related to your service (entitlement) and the severity of your condition, including its impact on your quality of life (assessment).",https://www.veterans.gc.ca/eng/health-support/physical-health-and-wellness/compensation-illness-injury/disability-benefits,,1
Canadian Forces Income Support,Financial Supports: Non-Work,Federal,Income Support,Income Tested,Veteran or Canadian Armed Forces AND Low Income,,"The Canadian Forces Income Support is a tax-free monthly benefit. It helps low-income CAF Veterans who no longer qualify for the Earnings Loss Benefit, after participating in the Rehabilitation program.",https://www.veterans.gc.ca/eng/financial-support/income-support/canadian-forces-income-support,Looking for work,1
Veteran Exceptional Incapacity Allowance,Financial Supports: Non-Work,Federal,Income Support,Neither,Veteran or Canadian Armed Forces AND Disability,,The Exceptional Incapacity Allowance is a tax-free monthly payment that recognizes that your serious illness or injury has a significant effect on your quality of life.,https://www.veterans.gc.ca/eng/health-support/physical-health-and-wellness/compensation-illness-injury/exceptional-incapacity-allowance,,1
Veteran's Attendance Allowance,Financial Supports: Non-Work,Federal,Income Support,Neither,Veteran or Canadian Armed Forces AND Disability,Needs assistance with daily living activities,"The attendance allowance helps to cover the cost of hiring a caregiver to assist you in your day-to-day life. The amount you can receive is based on the level of care you need, from occasional to full-time supervision and care.",https://www.veterans.gc.ca/eng/health-support/physical-health-and-wellness/compensation-illness-injury/attendance-allowance,,1
Veterans Clothing Allowance,Financial Supports: Non-Work,Federal,Income Support,Neither,Veteran or Canadian Armed Forces AND Disability,Disability affects clothing,"If you buy special clothes to accommodate your disability you may qualify for this allowance. For example, you may wear a brace, splint, or prosthetic that requires specially-made clothes, or that causes extra wear and tear. You can also use the monthly allowance to pay for your damaged clothes to be mended.",https://www.veterans.gc.ca/eng/health-support/physical-health-and-wellness/compensation-illness-injury/clothing-allowance,,1
Veteran's Detention Benefit,Financial Supports: Non-Work,Federal,Income Support,Neither,Veteran or Canadian Armed Forces,"Detained or evaded capture by an enemy, opposing force, or terroist group (after Apr. 2006)","The Detention Benefit is a tax-free lump-sum payment for Veterans or CAF members who were detained by an enemy, opposing force or terrorist group while serving in the Canadian Armed Forces.",https://www.veterans.gc.ca/eng/financial-support/prisoner-of-war-benefits/detention-benefit,,1
Veteran's Independence Program,Financial Supports: Non-Work,Federal,Income Support,Income Tested,Veteran or Canadian Armed Forces AND Disability,,"The Veterans Independence Program provides funding for services such as grounds maintenance, housekeeping, meal preparation, personal care, and professional health and support services.",https://www.veterans.gc.ca/eng/housing-and-home-life/help-at-home/veterans-independence-program,,1
Veteran's Independence Program,Financial Supports: Non-Work,Federal,Income Support,Income Tested,Veteran or Canadian Armed Forces AND Low Income,,"The Veterans Independence Program provides funding for services such as grounds maintenance, housekeeping, meal preparation, personal care, and professional health and support services.",https://www.veterans.gc.ca/eng/housing-and-home-life/help-at-home/veterans-independence-program,,1
Veteran's Independence Program for Survivors,Financial Supports: Non-Work,Federal,Income Support,Income Tested,Disability,Spouse/common-law partner of deceased veteran,The Veterans Independence Program for survivors provides annual funding to help cover the cost for services such as grounds maintenance and housekeeping.,https://www.veterans.gc.ca/eng/housing-and-home-life/help-at-home/veterans-independence-program-survivors,,1
Veteran's Independence Program for Survivors,Financial Supports: Non-Work,Federal,Income Support,Income Tested,Low Income,Spouse/common-law partner of deceased veteran,The Veterans Independence Program for survivors provides annual funding to help cover the cost for services such as grounds maintenance and housekeeping.,https://www.veterans.gc.ca/eng/housing-and-home-life/help-at-home/veterans-independence-program-survivors,,1
War Veterans Allowance,Financial Supports: Non-Work,Federal,Income Support,Income Tested,Veteran or Canadian Armed Forces AND Low Income,,"Are you having serious financial difficulties because of low or no income? The War Veterans Allowance (WVA) is a tax-free, monthly benefit to help low-income war Veterans and their dependents or their survivors.",https://www.veterans.gc.ca/eng/financial-support/income-support/war-veterans-allowance,Same elgibility as GIS,1
War Veterans Death Benefit,Financial Supports: Non-Work,Federal,Income Support,Neither,Other,Survivor,The Death Benefit is paid to a spouse or common-law partner and the dependent children of a Canadian Armed Forces member who died as a result of a service-related injury or illness.,https://www.veterans.gc.ca/eng/financial-support/death-and-bereavement/death-benefit,,1
War Veteran's Funeral and Burial Assistance,Financial Supports: Non-Work,Federal,Income Support,Means Tested,Veteran or Canadian Armed Forces AND Low Income,,"Funeral and burial assistance is provided throughthe Last Post Fund – a non-profit organization – to help pay for funeral and burial services, including a military gravestone, for eligible Veterans.",https://www.veterans.gc.ca/eng/financial-support/death-and-bereavement/funeral-burial-assistance,,1
War Veteran's Prisoner of War Compensation,Financial Supports: Non-Work,Federal,Income Support,Neither,Veteran or Canadian Armed Forces,Detained/POW during WWII,"Prisoner of War Compensation is a tax-free benefit for Veterans of the Second World War and the Korean War, who were detained or evaded capture for more than 30 days.",https://www.veterans.gc.ca/eng/financial-support/prisoner-of-war-benefits/prisoner-of-war-compensation,,1
Immigration Loans Program ,Financial Supports: Non-Work,Federal,Income Support,Income Tested,Immigrant/Refugee/New to Canada,,The Immigration Loans Program provides financial help to refugees selected for resettlement. ,https://www.canada.ca/en/immigration-refugees-citizenship/corporate/publications-manuals/operational-bulletins-manuals/service-delivery/immigration-loans-program.html,For securing travel documents or to cover basic needs or employment-specific costs,1
Resettlement Assistance Program,Financial Supports: Non-Work,Federal,Income Support,Neither,Immigrant/Refugee/New to Canada,,"The Government of Canada gives resettlement help to Convention Refugees Abroad. Immediate and essential services are delivered by Service Provider Organizations (SPOs), generally within the first 4-6 weeks of a newcomer’s arrival in Canada. Activities include the following: providing temporary accommodation, providing basic orientation to Canada, life skills training and financial orientation, assisting in finding permanent accommodation, and referring to other settlement programs.",https://www.canada.ca/en/immigration-refugees-citizenship/corporate/publications-manuals/operational-bulletins-manuals/service-delivery/resettlement-assistance-program.html,,1
Allowance for People Aged 60 to 64,Financial Supports: Non-Work,Federal,Income Support,Income Tested,Senior AND Low Income,,The Allowance is a benefit available to low-income individuals aged 60 to 64 who are the spouse or common-law partner of a Guaranteed Income Supplement (GIS) recipient.,https://www.canada.ca/en/services/benefits/publicpensions/cpp/old-age-security/guaranteed-income-supplement/allowance.html,,1
Allowance for the Survivor,Financial Supports: Non-Work,Federal,Income Support,Income Tested,Senior AND Low Income,Survivor,"The Allowance for the Survivor is a benefit available to people aged 60 to 64 who have a low income, who are living in Canada, and whose spouse or common-law partner has died.",https://www.canada.ca/en/services/benefits/publicpensions/cpp/old-age-security/guaranteed-income-supplement/allowance-survivor.html,,1
Disability Savings Bonds,Financial Supports: Non-Work,Federal,Income Support,Income Tested,Disability AND Low Income,,Individuals with an RDSP can apply for a Canada Disability Savings Grant or Bond. The Canada Disability Savings Bond is a government contribution to the Registered Disability Savings Plans (RDSPs) of low and modest income Canadians.,https://www.canada.ca/en/employment-social-development/programs/disability/savings/grants-bonds.html,Payment into RDSP,1
Disability Savings Grant,Financial Supports: Non-Work,Federal,Income Support,Income Tested,Disability,,Individuals with an RDSP can apply for a Canada Disability Savings Grant or Bond. The Canada Disability Savings Grant is a matching grant of up to 300% depending on the beneficiary's family income and contribution,https://www.canada.ca/en/employment-social-development/programs/disability/savings/grants-bonds.html,Payment into RDSP,1
Disability Tax Credit,Financial Supports: Non-Work,Federal,Income Support,Neither,Disability,,The disability tax credit (DTC) is a non-refundable tax credit that helps persons with disabilities or their supporting persons reduce the amount of income tax they may have to pay.,https://www.canada.ca/en/revenue-agency/services/tax/individuals/segments/tax-credits-deductions-persons-disabilities/disability-tax-credit.html,Non-refundable tax credit,2
Excise Gasoline Tax Refund,Financial Supports: Non-Work,Federal,Income Support,Neither,Disability,Cannot safely use public transit,"Individuals who have a permanent mobility impairment and cannot safely use public transportation, can request a refund of part of the federal excise tax on the gasoline you buy. A qualified medical practitioner must certify the impairment",https://www.canada.ca/en/revenue-agency/services/forms-publications/forms/xe8.html,,1
GST/HST Credit,Financial Supports: Non-Work,Federal,Income Support,Income Tested,Low Income,,The GST/HST credit is a tax-free quarterly payment that helps individuals and families with low and modest incomes offset all or part of the GST or HST that they pay,https://www.canada.ca/en/revenue-agency/services/child-family-benefits/goods-services-tax-harmonized-sales-tax-gst-hst-credit.html,,2
Guaranteed Income Supplement,Financial Supports: Non-Work,Federal,Income Support,Income Tested,Senior AND Low Income,,The Guaranteed Income Supplement (GIS) provides a monthly non-taxable benefit to Old Age Security (OAS) pension recipients who have a low income and are living in Canada,https://www.canada.ca/en/services/benefits/publicpensions/cpp/old-age-security/guaranteed-income-supplement.html,,2
Old Age Security Pension,Financial Supports: Non-Work,Federal,Income Support,Income Tested,Senior,,The Old Age Security (OAS) pension is a monthly payment available to seniors aged 65 and older who meet the Canadian legal status and residence requirements,https://www.canada.ca/en/services/benefits/publicpensions/cpp/old-age-security.html,,2
BC Bus Pass for Seniors,Financial Supports: Non-Work,Provincial,Income Support,Income Tested,Senior AND Low Income,,Low income seniors and other eligible recipients living in an area served by BC Transit or TransLink may receive a reduced-cost bus pass,https://www2.gov.bc.ca/gov/content/transportation/passenger-travel/buses-taxis-limos/bus-pass/seniors,,2
BC Farmer's Market Nutrition Program,Financial Supports: Non-Work,Provincial,Income Support,Income Tested,Dependent child(ren) AND Low Income,,"BC Farmer’s Market Nutrition Program helps low-income individuals and seniors gain access to healthy, locally grown food through provision of coupons ",https://bcfarmersmarket.org/coupon-program/how-it-works/,,1
BC Farmer's Market Nutrition Program,Financial Supports: Non-Work,Provincial,Income Support,Income Tested,Low Income,,"BC Farmer’s Market Nutrition Program helps low-income individuals and seniors gain access to healthy, locally grown food through provision of coupons ",https://bcfarmersmarket.org/coupon-program/how-it-works/,,1
BC Farmer's Market Nutrition Program,Financial Supports: Non-Work,Provincial,Income Support,Income Tested,Senior AND Low Income,,"BC Farmer’s Market Nutrition Program helps low-income individuals and seniors gain access to healthy, locally grown food through provision of coupons ",https://bcfarmersmarket.org/coupon-program/how-it-works/,,1
BC Tax Reduction Credit,Financial Supports: Non-Work,Provincial,Income Support,Income Tested,Low Income,,"The B.C. tax reduction credit is a non-refundable tax credit for individuals who have a net income below a certain amount. The credit is reduced by a percentage of an individual's net income over the threshold amount. For the 2018 tax year, the net income threshold is $20,144 and the reduction factor is 3.56% ",https://www2.gov.bc.ca/gov/content/taxes/income-taxes/personal/credits/basic,,2
Camp Fees Supplement,Children and Family,Provincial,Income Support,Means Tested,"IA, DA and/or HA supplement (Low Income) AND Dependent child(ren)",Attendance at a recognized camp,A supplement may be provided to fully or partially cover the cost of attendance at a recognized camp for children of income assistance and disability assistance recipients and adult recipients of disability assistance.,https://www2.gov.bc.ca/gov/content/governments/policies-for-government/bcea-policy-and-procedure-manual/general-supplements-and-programs/camp-fees-supplement,Subject to available funding,1
Christmas Supplement,Financial Supports: Non-Work,Provincial,Income Support,Means Tested,"IA, DA and/or HA supplement (Low Income)",,To assist with extra expenses at Christmas,https://www2.gov.bc.ca/gov/content/governments/policies-for-government/bcea-policy-and-procedure-manual/general-supplements-and-programs/christmas-supplement,,1
BC Climate Action Tax Credit,Financial Supports: Non-Work,Provincial,Income Support,Income Tested,Low Income,,The BC climate action tax credit helps offset the impact of the carbon taxes paid by individuals or families. The amount of the credit depends upon the family size and adjusted family net income.The credit is combined with the federal goods and services tax/ harmonized sales tax (GST/HST) credit into one quarterly payment,https://www2.gov.bc.ca/gov/content/taxes/income-taxes/personal/credits/climate-action,,2
Clothing Supplement for People in Special Care Facilities,Financial Supports: Non-Work,Provincial,Income Support,Means Tested,"IA, DA and/or HA supplement (Low Income)",Residing in special care facility,Supplement for the purchase of necessary clothing when clothing is not provided by the facility and no alternative resources are available,https://www2.gov.bc.ca/gov/content/governments/policies-for-government/bcea-policy-and-procedure-manual/general-supplements-and-programs/clothing-supplement-for-people-in-special-care-facilities,,1
CommunityLink Funding and Vulnerable Student Supplement,Financial Supports: Non-Work,Provincial,Income Support,Neither,Other,,,,,1
Confirmed Job Supplement,Financial Supports: Non-Work,Provincial,Income Support,Means Tested,"IA, DA and/or HA supplement (Low Income)",,Supplement may be provided to purchase the essential transportation and work-related items individuals need to begin a job,https://www2.gov.bc.ca/gov/content/governments/policies-for-government/bcea-policy-and-procedure-manual/general-supplements-and-programs/confirmed-job-supplement,,1
Disability Assistance,Financial Supports: Non-Work,Provincial,Income Support,Means Tested,Disability AND Low Income,,"The BC Employment and Assistance Program for Persons with Disabilities provides disability assistance and supplements to provide greater independence for people with disabilities, including security of income, enhanced well-being, and participation in the community",https://www2.gov.bc.ca/gov/content/family-social-supports/services-for-people-with-disabilities/disability-assistance,,2
Fuel Tax Refund for Persons with Disabilities,Financial Supports: Non-Work,Provincial,Income Support,Neither,Disability,,The fuel tax refund program allows people with a qualifying disability to request a refund of the provincial motor fuel tax paid in B.C. on fuel used in an owned or leased vehicle,https://www2.gov.bc.ca/gov/content/taxes/sales-taxes/motor-fuel-carbon-tax/fuel-tax-refund,,1
Funeral Costs,Financial Supports: Non-Work,Provincial,Income Support,Means Tested,Low Income,Estate of deceased and any responsible person has insufficient assets/income,A supplement may be provided to pay necessary funeral costs of any person who dies in BC. ,https://www2.gov.bc.ca/gov/content/governments/policies-for-government/bcea-policy-and-procedure-manual/general-supplements-and-programs/funeral-costs,,1
Hardship Assistance,Financial Supports: Non-Work,Provincial,Income Support,Means Tested,Low Income,,"Hardship assistance is intended to meet the essential needs of persons or families who are not eligible for income assistance under the Employment and Assistance Act or disability assistance under the Employment and Assistance for Persons with Disabilities Act, for a number of reasons specified by regulation. Hardship assistance is not an entitlement, but may be provided at the discretion of the Minister according to legislative and regulatory criteria.  It is provided on a temporary basis, for only one month at a time.  Eligibility for hardship assistance must be re-established each month.",https://www2.gov.bc.ca/gov/content/governments/policies-for-government/bcea-policy-and-procedure-manual/hardship-assistance/eligibility-for-hardship-assistance,Temporary. Must re-apply every month.,2
Identification Supplement,Financial Supports: Non-Work,Provincial,Income Support,Means Tested,"IA, DA and/or HA supplement (Low Income)",Requires ID to be eligible for IA or DA,To cover the cost of obtaining identification for a person in the family unit,https://www2.gov.bc.ca/gov/content/governments/policies-for-government/bcea-policy-and-procedure-manual/general-supplements-and-programs/identification-supplement,,1
Income Assistance: Employable,Financial Supports: Non-Work,Provincial,Income Support,Means Tested,Low Income,3 week work search,The BC Employment and Assistance (BCEA) program is an income and asset tested program that provides income assistance and employment supports to people in need who have no other resources. The program is intended to help move people from income assistance to sustainable employment and to provide income assistance to those who are unable to fully participate in the workforce.,https://www2.gov.bc.ca/gov/content/family-social-supports/income-assistance/apply-for-assistance,,2
Income Assistance: PPMB Designation,Financial Supports: Non-Work,Provincial,Income Support,Means Tested,Low Income,"Barrier to employment such as: homelessness, domestic violence, former child in care, or a criminal record",The PPMB category provides a higher rate of assistance to recipients who have long-term barriers to employment that are not expected to be overcome in the short term despite all reasonable steps by the recipient.,https://www2.gov.bc.ca/gov/content/family-social-supports/income-assistance/apply-for-assistance,,2
Income Assistance: Not Expected to Work,Financial Supports: Non-Work,Provincial,Income Support,Means Tested,Dependent child(ren) AND Low Income,Single parent with youg children,,,,
Legal Aid,Financial Supports: Non-Work,Provincial,Income Support,Neither,Low Income,,"The Legal Services Society offers a range of free legal services to all British Columbians, with priority given to people with low incomes. Services include legal information, advice, and representation",https://lss.bc.ca,,1
Recreation Financial Assistance Programs,Financial Supports: Non-Work,Municipal ,Income Support,Income Tested,Low Income,,"Located in municipalities throughout BC, recreation financial assistance programs provide low income residents with access to basic recreation programs and services at a reduced cost.",,,1
BC Sales Tax Credit,Financial Supports: Non-Work,Provincial,Income Support,Income Tested,Low Income,,The Sales Tax Credit is a program designed to offset the cost of sales tax for low-income taxpayers and their families residing in BC as of December 31st of the tax year,https://www2.gov.bc.ca/gov/content/taxes/income-taxes/personal/credits/sales-tax,,2
Seniors Supplement,Financial Supports: Non-Work,Provincial,Income Support,Income Tested,Senior,,The Senior’s Supplement is a provincial top-up to the federal Old Age Security (OAS)/ Guaranteed Income Supplement (GIS) payment. The Senior’s Supplement ensures a conditionally guaranteed minimum income level for residents of BC and is paid to low-income residents of BC who are 65 years of age and older and who are receiving OAS/ GIS or federal Allowance (formerly Spouse’s Allowance),https://www2.gov.bc.ca/gov/content/governments/policies-for-government/bcea-policy-and-procedure-manual/general-supplements-and-programs/seniors-supplement,,2
Transportation Supplement  ,Financial Supports: Non-Work,Provincial,Income Support,Means Tested,"IA, DA and/or HA supplement (Low Income) AND Disability",DA recipients only,"The Transportation Supplement is provided to recipients with the Persons with Disabilities (PWD) designation to cover the cost of the bus pass issued through the BC Bus Pass Program, or to assist generally with their transportation costs. ",https://www2.gov.bc.ca/gov/content/governments/policies-for-government/bcea-policy-and-procedure-manual/general-supplements-and-programs/transportation-supplement,,2
Transportation to Alcohol and Drug Facilities,Financial Supports: Non-Work,Provincial,Income Support,Means Tested,"IA, DA and/or HA supplement (Low Income)",Acceptance to a special care facility that provides residential alcohol and drug treatment in BC,The supplement for transportation to a residential alcohol and drug treatment facility is intended to meet the costs of transportation to and from an approved special care facility for residential alcohol and drug treatment in BC. The supplement is provided to recipients of income assistance and disability assistance when no other funds are available.,https://www2.gov.bc.ca/gov/content/governments/policies-for-government/bcea-policy-and-procedure-manual/general-supplements-and-programs/transportation-to-alcohol-and-drug-facilities-policy-and-procedures,,1
Crime Victim Assistance Program,Financial Supports: Non-Work,Provincial,Income Support,Neither,Other,Victim of Crime,"The Crime Victim Assistance Program (CVAP) assists victims, immediate family members and some witnesses in coping with the effects of violent crime. It provides financial benefits to help offset financial losses and assist in recovery.",https://www2.gov.bc.ca/gov/content/justice/criminal-justice/bcs-criminal-justice-system/if-you-are-a-victim-of-a-crime/victim-of-crime/financial-assistance-benefits,"Includes: medical and dental services, perscription drug expenses, child and homemaker services, disability aids, etc.",1
Victim Travel Fund,Financial Supports: Non-Work,Provincial,Income Support,Neither,Other,Victim of Crime,"You may qualify for help to travel to interviews, hearings and other justice-related proceedings. The Victim Travel Fund provides funds up to $3,000.00 for a family or victim to attend justice-related proceedings in B.C. Eligible expenses may include meals, accommodation and the most cost effective form of travel",https://www2.gov.bc.ca/gov/content/justice/criminal-justice/bcs-criminal-justice-system/if-you-are-a-victim-of-a-crime/victim-of-crime/victim-travel-assistance,,1
Canadian Forces Income Replacement Benefit,Financial Supports: Work-Related,Federal,Income Support,Income Tested,Veteran or Canadian Armed Forces,Diminished or no earnings,The Income Replacement Benefit provides income assistance to maintain income while taking part in the VAC rehabilitation program.,https://www.veterans.gc.ca/eng/financial-support/income-support/income-replacement-benefit,90% of former earnings,1
Canadian Benefit for Parents of Young Victims of Crime,Financial Supports: Work-Related,Federal,Income Support,Income Tested,Other,"Employed, reduction in employment earnings AND child was a victim of a crime",Parents or legal guardians who have taken time away from work and suffered a loss of income to cope with the death or disappearance of their child or children may be eligible for federal income support of $4 50 per week.,https://www.canada.ca/en/employment-social-development/services/parents-young-victims-crime.html,,1
CPP: Children's Benefits,Financial Supports: Work-Related,Federal,Income Support,Neither,Dependent child(ren),Contributor is deceased,The Canada Pension Plan (CPP) children's benefits provide monthly payments to the dependent children of disabled or deceased CPP contributors.,https://www.canada.ca/en/services/benefits/publicpensions/cpp/cpp-childrens-benefit.html,,1
CPP: Children's Benefits,Financial Supports: Work-Related,Federal,Income Support,Neither,Dependent child(ren),Contributor is deceased,The Canada Pension Plan (CPP) children's benefits provide monthly payments to the dependent children of disabled or deceased CPP contributors.,https://www.canada.ca/en/services/benefits/publicpensions/cpp/cpp-childrens-benefit.html,,1
CPP: Death Benefit,Financial Supports: Work-Related,Federal,Income Support,Neither,Other,Contributor is deceased,"The Canada Pension Plan (CPP) death benefit is a one-time, lump-sum payment to the estate on behalf of a deceased CPP contributor.",https://www.canada.ca/en/services/benefits/publicpensions/cpp/cpp-death-benefit.html,Paid to the estate or survivng spouse/common-law partner of deceased,1
CPP: Disability Benefit,Financial Supports: Work-Related,Federal,Income Support,Neither,Disability,,Canada Pension Plan (CPP) provides disability benefits (disability pension and post-retirement disability benefit) to people who have made enough contributions to the CPP and who are disabled and cannot work at any job on a regular basis. ,https://www.canada.ca/en/services/benefits/publicpensions/cpp/cpp-disability-benefit.html,,2
CPP: Retirement Pension,Financial Supports: Work-Related,Federal,Income Support,Neither,Senior,Retired,"The Canada Pension Plan (CPP) retirement pension provides a monthly benefit to eligible applicants. Individuals can apply for and receive a full CPP retirement pension at age 65 or receive it as early as age 60 with a reduction, or as late as age 70 with an increase",https://www.canada.ca/en/services/benefits/publicpensions/cpp/cpp-benefit/eligibility.html,,2
CPP: Survivor's Pension,Financial Supports: Work-Related,Federal,Income Support,Neither,Other,Survivor,"The Canada Pension Plan (CPP) survivor's pension is paid to the person who, at the time of death, is the legal spouse or common-law partner of the deceased contributor.",https://www.canada.ca/en/services/benefits/publicpensions/cpp/cpp-survivor-pension.html,,1
EI: regular benefits,Financial Supports: Work-Related,Federal,Income Support,Income Tested,Other,Unemployed,"Employment Insurance (EI) provides regular benefits to individuals who lose their jobs through no fault of their own (for example, due to shortage of work, seasonal or mass lay-offs) and are available for and able to work, but can't find a job.",https://www.canada.ca/en/services/benefits/ei/ei-regular-benefit.html,,2
EI: caregiving benefits (adult and/or child(ren)),Financial Supports: Work-Related,Federal,Income Support,Income Tested,Other,"Employed, time away from work","Through Employment Insurance, you could receive financial assistance of up to 55% of your earnings, to a maximum of $562 a week. These benefits will help you take time away from work to provide care or support to a critically ill or injured person or someone needing end-of-life care.",https://www.canada.ca/en/services/benefits/ei/caregiving.html,,1
EI: family supplement,Financial Supports: Work-Related,Federal,Income Support,Income Tested,Dependent child(ren) AND Low Income,Unemployed,"If it is determined that your net family income is $25,921 or less per year, that you have children, and that you or your spouse receives the Canada Child Benefit, you are considered a member of a low-income family and may be eligible to receive the EI Family Supplement",https://www.canada.ca/en/services/benefits/ei/ei-regular-benefit/benefit-amount.html,,2
EI: maternity and parental,Financial Supports: Work-Related,Federal,Income Support,Income Tested,Dependent child(ren),"Pregnant OR parent of newborn or newly adopted child AND employed, reduction in earnings","Employment Insurance maternity and parental benefits provide financial assistance to people who are away from work because they're pregnant or have recently given birth, or parents who are away from work to care for their newborn or newly adopted child",https://www.canada.ca/en/services/benefits/ei/ei-maternity-parental.html,,2
EI: sickness,Financial Supports: Work-Related,Federal,Income Support,Income Tested,Other,"Injury or Sickness AND employed, reduction in earnings due to sickness/illness","The Employment Insurance (EI) program offers temporary financial assistance to unemployed workers. This assistance includes providing sickness benefits to people unable to work because of sickness, injury, or quarantine.",https://www.canada.ca/en/services/benefits/ei/ei-sickness.html,,2
Workers Comp. (federal employees),Financial Supports: Work-Related,Federal,Income Support,Neither,Other,Injured at work,The Government Employees Compensation Act (GECA) provides compensation to federal government employees who are injured while on the job or become ill because of their work,https://www.canada.ca/en/employment-social-development/services/health-safety/compensation/federal-employees.html,,1
WorkSafe BC: Health Care Benefits,Financial Supports: Work-Related,Provincial,Income Support,Neither,Other,Injured at work,"Once we receive reports from an injured worker, his or her employer, and health care provider(s), we can determine whether the worker is eligible for benefits. Once we accept your claim, we will cover the cost of the health care services and supplies that are considered reasonably necessary to treat your injuries. This may include medical treatments, hospitalization, medical supplies, rehabilitation, and medications.",https://www.worksafebc.com/en/claims/benefits-services/health-care-benefits,,1
WorkSafe BC: Permanent Disability Benefit ,Financial Supports: Work-Related,Provincial,Income Support,Income Tested,Disability,Injured at work AND injury impairs future earnings capacity,"Sometimes a work-related injury or illness results in a permanent disability. If your disability is likely to impair your future earning capacity, you may be eligible for a permanent disability award from us. The amount of the award depends on the circumstances of your claim.",https://www.worksafebc.com/en/claims/benefits-services/permanent-disability-benefits,,2
WorkSafe BC: Wage loss benefits,Financial Supports: Work-Related,Provincial,Income Support,Income Tested,Other,Injured at work,Wage-loss benefits compensate workers who lose pay due to a work-related injury or illness. Benefits continue until you are able to participate in modified work or return to your usual duties.,https://www.worksafebc.com/en/claims/benefits-services/wage-loss-benefits,,2
Canada Worker's Benefit: General,Financial Supports: Work-Related,Federal,Income Support,Income Tested,Low Income,,The Canada Workers Benefit is a refundable tax credit that is intended to supplement the earnings of low income workers and improves work incentives for low-income Canadians,https://www.canada.ca/en/revenue-agency/programs/about-canada-revenue-agency-cra/federal-government-budgets/budget-2018-equality-growth-strong-middle-class/canada-workers-benefit.html,,2
Canada Worker's Benefit: Disability Supplement,Financial Supports: Work-Related,Federal,Income Support,Income Tested,Disability AND Low Income,,The Canada Workers Benefit is a refundable tax credit that is intended to supplement the earnings of low income workers and improves work incentives for low-income Canadians,https://www.canada.ca/en/revenue-agency/programs/about-canada-revenue-agency-cra/federal-government-budgets/budget-2018-equality-growth-strong-middle-class/canada-workers-benefit.html,,2
First Time Home Buyer Incentive,Housing,Federal,Income Support,Income Tested,Other,"First-time home buyer AND income < $120,000",A means-tested program to be administered by CMHC that helps first-time home buyers by advancing up to 10 percent of the home purchase price for CMHC-insured mortgages so they can take out a smaller mortgage and keep monthly payments lower.  ,https://www.placetocallhome.ca/fthbi/first-time-homebuyer-incentive,"Interest-free loan, repayable in 25 years or when home sells",1
GST/HST New Housing Rebate,Housing,Federal,Income Support,Neither,Other,"House price < $450,000 AND newly built house OR substantially renovated home","The GST/HST new housing rebate allows an individual to recover some of the goods and services tax (GST) or the federal part of the harmonized sales tax (HST) paid for a new or substantially renovated house that is for use as the individual's, or their relation's, primary place of residence, when all of the other conditions are met. ",https://www.canada.ca/en/revenue-agency/services/tax/businesses/topics/gst-hst-businesses/charge-collect-home-construction/new-housing-rebate.html,"(could also be cash, conditional…)",1
Vancouver Rent Bank,Housing,NGO,Income Support,Income Tested,Low Income,Employed,The Vancouver Rent Bank (VRB) offers short term funding available to families and individuals that live in the City of Vancouver and are at risk of eviction or essential utility disconnection due to a temporary shortage of funds,http://www.niccss.ca/VRB,"Loan, paid directly to creditor. Funded by the City of Vancouver and NGO's.",1
Affordable Rental Housing,Housing,Provincial,Income Support,Income Tested,Low Income,,"Affordable rental housing is for people who have a low to moderate incomes but may not be eligible for subsidized housing. Affordable rental housing is housing with rents equal to, or lower than, average rates in the private-market",https://www.bchousing.org/housing-assistance/rental-housing/affordable-rental-housing,"May or may not be low income - income eligiblity can be up to $80,000 dependent on organization. May also require a source of income (i.e. employment)",2
BC Home Renovation Tax Credit,Housing,Provincial,Income Support,Neither,Disability,,The Home Renovation Tax Credit for Seniors and Persons with Disabilities assists eligible individuals 65 and over and persons with disabilities with the cost of certain permanent home renovations to improve accessibility or be more functional or mobile at home,https://www2.gov.bc.ca/gov/content/taxes/income-taxes/personal/credits/seniors-renovation,,1
BC Home Renovation Tax Credit,Housing,Provincial,Income Support,Neither,Disability,,The Home Renovation Tax Credit for Seniors and Persons with Disabilities assists eligible individuals 65 and over and persons with disabilities with the cost of certain permanent home renovations to improve accessibility or be more functional or mobile at home,https://www2.gov.bc.ca/gov/content/taxes/income-taxes/personal/credits/seniors-renovation,,1
BC Hydro Customer Crisis Fund,Housing,Provincial,Income Support,Neither,Other,Overdue payments AND temporary financial crisis,"A grant payment to avoid disconnection of service may be available to residential customers who have fallen behind on their BC Hydro bill due to a temporary financial crisis, such as a loss of employment or income, unanticipated medical expenses, or a death in the family",https://app.bchydro.com/accounts-billing/bill-payment/ways-to-pay/customer-crisis-fund.html,"Grant is applied directly to arrears. Those on IA, DA, GIS, the Allowance, or a BC Housing program are automatically eligible.",2
Co-op Share Purchase Supplement,Housing,Provincial,Income Support,Means Tested,"IA, DA and/or HA supplement (Low Income)",,A lump-sum repayable supplement to assist with the cost of purchasing shares in a co-operative housing corporation.,https://www2.gov.bc.ca/gov/content/governments/policies-for-government/bcea-policy-and-procedure-manual/general-supplements-and-programs/co-op-share-purchase-supplement,(could also be in-kind - tied to cost of co-op share),1
Energy Conservation Assistance Program,Housing,Provincial,Income Support,Income Tested,Low Income,,"The Energy Conservation Assistance Program (ECAP) provides income-qualified residential customers with a free home energy evaluation, energy-saving products and advice",https://www.bchydro.com/powersmart/residential/savings-and-rebates/savings-based-on-income/free-product-install-and-advice.html,,1
Home Adaptations for Independence,Housing,Provincial,Income Support,Means Tested,Disability AND Low Income,,The Home Adaptations for Independence (HAFI) program provides financial assistance for home modifications for eligible low-income individuals with mobility or health issues,https://www.bchousing.org/housing-assistance/HAFI,Subject to available funding.,1
Home Owner Grant: general,Housing,Provincial,Income Support,Neither,Other,Rural homeowner,"The home owner grant reduces the amount of property tax you pay for your principal residence. Supplemental grants are available for sub-populations: seniors, veterans, and people with disabilities",https://www2.gov.bc.ca/gov/content/taxes/property-taxes/annual-property-tax/home-owner-grant,,
Home Owner Grant: senior,Housing,Provincial,Income Support,Neither,Senior,Rural homeowner,"The home owner grant reduces the amount of property tax you pay for your principal residence. Supplemental grants are available for sub-populations: seniors, veterans, and people with disabilities",https://www2.gov.bc.ca/gov/content/taxes/property-taxes/annual-property-tax/home-owner-grant,,
Home Owner Grant: disability,Housing,Provincial,Income Support,Neither,Disability,Rural homeowner,"The home owner grant reduces the amount of property tax you pay for your principal residence. Supplemental grants are available for sub-populations: seniors, veterans, and people with disabilities",https://www2.gov.bc.ca/gov/content/taxes/property-taxes/annual-property-tax/home-owner-grant,,
Home Owner Grant: veteran,Housing,Provincial,Income Support,Neither,Veteran or Canadian Armed Forces,Rural homeowner,"The home owner grant reduces the amount of property tax you pay for your principal residence. Supplemental grants are available for sub-populations: seniors, veterans, and people with disabilities",https://www2.gov.bc.ca/gov/content/taxes/property-taxes/annual-property-tax/home-owner-grant,,
Home Owner Grant: Low Income Grant Supplement for People with Disabilities or Seniors,Housing,Provincial,Income Support,Income Tested,Senior AND Low Income,Rural homeowner,The low income grant supplement allows low income seniors to supplement their home owner grant if it’s been reduced or eliminated because of the high assessed value of their principal residence.,https://www2.gov.bc.ca/gov/content/taxes/property-taxes/annual-property-tax/home-owner-grant/senior/low-income,,1
Home Owner Grant: Low Income Grant Supplement for People with Disabilities or Seniors,Housing,Provincial,Income Support,Income Tested,Disability AND Low Income,Rural homeowner,The low income grant supplement allows low income homeowners with a disability or living with a person with a disability to supplement their home owner grant if it’s been reduced or eliminated because of the high assessed value of their principal residence.,https://www2.gov.bc.ca/gov/content/taxes/property-taxes/annual-property-tax/home-owner-grant/person-with-disabilities/low-income,,1
Home Owner Grant: Low Income Grant Supplement for Veterans,Housing,Provincial,Income Support,Income Tested,Veteran or Canadian Armed Forces AND Low Income,Rural homeowner,The low income grant supplement allows the surviving spouses of veterans who received a War Veterans Allowance and who have a low income to supplement their home owner grant if it’s been reduced or eliminated because of the high assessed value of their principal residence.,https://www2.gov.bc.ca/gov/content/taxes/property-taxes/annual-property-tax/home-owner-grant/veteran/wva,,1
Homeless Shelters ,Housing,Provincial,Income Support,Income Tested,Other,Homeless,A range of programs and services available in BC to assist people who are homeless or at risk of homelessness,https://www.bchousing.org/housing-assistance/homelessness-services,,2
Homeless Rent Supplements,Housing,Provincial,Income Support,Income Tested,Other,Homeless,,,,
Independent Living BC Program,Housing,Provincial,Income Support,Means Tested,Disability,,"Independent Living BC (ILBC) is a subsidized, assisted-living program that provides housing with support services to seniors and people with disabilities. If you qualify, you could live in your own unit in an assisted living residence",https://www.bchousing.org/housing-assistance/housing-with-support/independent-living-bc-program,Subsidized assisted living,1
Independent Living BC Program,Housing,Provincial,Income Support,Means Tested,Senior,,"Independent Living BC (ILBC) is a subsidized, assisted-living program that provides housing with support services to seniors and people with disabilities. If you qualify, you could live in your own unit in an assisted living residence",https://www.bchousing.org/housing-assistance/housing-with-support/independent-living-bc-program,Subsidized assisted living,1
"Moving, Transportation and Living Costs",Housing,Provincial,Income Support,Means Tested,"IA, DA and/or HA supplement (Low Income)",,"A supplement may be provided to recipients of income assistance, hardship assistance, or disability assistance who have no other resources to cover necessary moving, transportation, and living expenses.",https://www2.gov.bc.ca/gov/content/governments/policies-for-government/bcea-policy-and-procedure-manual/general-supplements-and-programs/moving-transportation-and-living-costs,,1
Pre-natal Shelter Supplement,Housing,Provincial,Income Support,Means Tested,"IA, DA and/or HA supplement (Low Income)",Pregnant AND No spouse or dependent children,A pre-natal shelter supplement is provided to single pregnant recipients with no spouse and no dependent child. This supplement is intended to assist single pregnant recipients in meeting extra costs associated with securing or maintaining stable accommodation prior to the birth of their child.,https://www2.gov.bc.ca/gov/content/governments/policies-for-government/bcea-policy-and-procedure-manual/general-supplements-and-programs/pre-natal-shelter-supplement,,1
Property Tax Deferral,Housing,Provincial,Income Support,Neither,Disability,Minimum 25% equity in home,Tax deferment is a low interest loan program that helps qualified B.C. homeowners pay their annual property taxes on their principal residence.,https://www2.gov.bc.ca/gov/content/taxes/property-taxes/annual-property-tax/defer-taxes,Interest is charged on the amount deferred.,1
Property Tax Deferral,Housing,Provincial,Income Support,Neither,Senior,"Minimum 25% equity in home, Senior (>= 55 years)  ",Tax deferment is a low interest loan program that helps qualified B.C. homeowners pay their annual property taxes on their principal residence.,https://www2.gov.bc.ca/gov/content/taxes/property-taxes/annual-property-tax/defer-taxes,Interest is charged on the amount deferred.,1
Property Tax Deferral: Families with Children,Housing,Provincial,Income Support,Neither,Dependent child(ren),Minimum 15% equity in home,Tax deferment is a low interest loan program that helps qualified B.C. homeowners pay their annual property taxes on their principal residence.,https://www2.gov.bc.ca/gov/content/taxes/property-taxes/annual-property-tax/defer-taxes,,1
Rental Assistance Program,Housing,Provincial,Income Support,Means Tested,Dependent child(ren) AND Low Income,Pay more than 30% of gross monthly income to rent,The Rental Assistance Program provides eligible low-income working families with cash assistance to help with their monthly rent payments.,https://www.bchousing.org/housing-assistance/rental-assistance/RAP,"Gross annual income of $40,000 or less",2
Security Deposits,Housing,Provincial,Income Support,Means Tested,"IA, DA and/or HA supplement (Low Income)",,"A supplement may be provided to assist recipients of income, hardship, and disability assistance with the cost of securing rental accommodation.",https://www2.gov.bc.ca/gov/content/governments/policies-for-government/bcea-policy-and-procedure-manual/general-supplements-and-programs/security-deposits,,1
Seniors' Supportive Housing,Housing,Provincial,Income Support,Income Tested,Disability AND Low Income,,"The Seniors’ Supportive Housing Program provides housing and support services to low income British Columbians who are 55 years of age or older, and people of any age who have a disability or diminished ability",https://www.bchousing.org/housing-assistance/housing-with-support/seniors-supportive-housing,subsidized housing with some assistance,1
Seniors' Supportive Housing,Housing,Provincial,Income Support,Income Tested,Senior AND Low Income,,"The Seniors’ Supportive Housing Program provides housing and support services to low income British Columbians who are 55 years of age or older, and people of any age who have a disability or diminished ability",https://www.bchousing.org/housing-assistance/housing-with-support/seniors-supportive-housing,subsidized housing with some assistance,1
Supportive Housing (for low income adults),Housing,Provincial,Income Support,Income Tested,Low Income,mental health OR substance abuse issues,"Supportive housing is subsidized housing with a range of on-site, non-clinical supports, such as life-skills training, and connections to primary health care, mental health or substance use services",https://www.bchousing.org/housing-assistance/housing-with-support/supportive-housing,subsidized housing with some assistance,1
Shelter Aid for Elderly Renters,Housing,Provincial,Income Support,Means Tested,Senior AND Low Income,Pay more than 30% of gross monthly income to rent,The Shelter Aid for Elderly Renters (SAFER) program helps make rents affordable for BC seniors with low to moderate incomes. SAFER provides monthly cash payments to subsidize rents for eligible BC residents who are age 60 or over and who pay rent for their homes,https://www.bchousing.org/housing-assistance/rental-assistance/SAFER,,2
Subsidized Rental Housing,Housing,Provincial,Income Support,Means Tested,Low Income,,"Subsidized housing is long-term housing for low income people who permanently reside in British Columbia. Rental fees are calculated on a rent geared to income basis (30% of household total gross income, subject to minimum rent based on # of people)",https://www.bchousing.org/housing-assistance/rental-housing/subsidized-housing,"Income set by Housing Income Limits table, also asset tested",2
Transition Houses,Housing,Provincial,Income Support,Neither,Other,Survivors of domestic violence,Help for women and children fleeing violence,https://www.bchousing.org/housing-assistance/women-fleeing-violence/womens-transition-housing-supports,,1
Utility Security Deposits,Housing,Provincial,Income Support,Means Tested,"IA, DA and/or HA supplement (Low Income)",,To assist with the cost of securing service for electricity or natural gas,https://www2.gov.bc.ca/gov/content/governments/policies-for-government/bcea-policy-and-procedure-manual/general-supplements-and-programs/utility-security-deposits,,1
Indian Residential Schools Resolution Health Support Program,Medical/Health,Federal,Income Support,Neither,First nations/aboriginal/Inuit,Former Indian Residential School students and family members,"The Indian Residential Schools Resolution Health Support Program (IRS RHSP) provides mental health, emotional and cultural support services to eligible former Indian Residential School students and their families throughout all phases of the Indian Residential School Settlement Agreement",https://www.canada.ca/en/indigenous-services-canada/services/first-nations-inuit-health/health-care-services/indian-residential-schools-health-supports/indian-residential-schools-resolution-health-support-program.html,,1
Medical Expenses Tax Credit,Medical/Health,Federal,Income Support,Income Tested,Other,Eligible medical expense,"The medical expense tax credit is a non-refundable tax credit that you can use to reduce the tax that you paid or may have to pay. If you paid for healthcare expenses, you may be able to claim them as eligible medical expenses on your income tax and benefit return",https://www.canada.ca/en/revenue-agency/services/tax/individuals/topics/about-your-tax-return/tax-return/completing-a-tax-return/deductions-credits-expenses/lines-330-331-eligible-medical-expenses-you-claim-on-your-tax-return.html,,1
Non-Insured Health Benefits Program,Medical/Health,Federal,Income Support,Income Tested,First nations/aboriginal/Inuit,No other health insurance,The Non-Insured Health Benefits Program provides eligible First Nations and Inuit with coverage for a specified range of medically necessary health-related goods and services when not covered through private insurance plans or provincial/territorial health and social programs.,https://www.canada.ca/en/indigenous-services-canada/services/non-insured-health-benefits-first-nations-inuit/administration.html,,1
Alternative Hearing Assistance Supplement,Medical/Health,Provincial,Income Support,Means Tested,"IA, DA and/or HA supplement (Low Income)","Permanent, profound hearing impairment in both ears AND cannot benefit from a hearing implement",Monthly alternative hearing assistance supplement to assist eligible persons to meet costs associated with overcoming barriers related to having permanent profound bilateral hearing loss,https://www2.gov.bc.ca/gov/content/governments/policies-for-government/bcea-policy-and-procedure-manual/health-supplements-and-programs/alternative-hearing-assistance-supplement,,1
Basic Dental Services,Medical/Health,Provincial,Income Support,Means Tested,"IA, DA and/or HA supplement (Low Income)",PPMB OR PWD designation OR spouse or dependent of person with PWD or PPMB designation,"Basic dental services, such as restorations, extractions, and preventative services are provided to recipients of income assistance and disability assistance who are eligible for general health supplements.  Basic dental services are also provided to children in receipt of BC Employment and Assistance.",https://www2.gov.bc.ca/gov/content/governments/policies-for-government/bcea-policy-and-procedure-manual/health-supplements-and-programs/dental-and-orthodontic-services,,1
Dental: Crown and bridge work,Medical/Health,Provincial,Income Support,Means Tested,"IA, DA and/or HA supplement (Low Income)",PPMB OR PWD designation OR spouse or dependent of person with PWD or PPMB designation,"Crown and bridge services may be available to persons with PWD designation or who meet the Persons with Persistent Multiple Barriers (PPMB) criteria who have a dental condition that cannot be corrected through basic dental services, and have a medical condition that prevents the use of a removable denture.",https://www2.gov.bc.ca/gov/content/governments/policies-for-government/bcea-policy-and-procedure-manual/health-supplements-and-programs/dental-and-orthodontic-services,,1
Diet Supplements,Medical/Health,Provincial,Income Support,Means Tested,"IA, DA and/or HA supplement (Low Income)",Special diet required as a result of a specific medical condition,Diet supplements assist recipients to meet costs associated with a therapeutic diet that is required as a result of a specific medical condition or a special dietary need.,https://www2.gov.bc.ca/gov/content/governments/policies-for-government/bcea-policy-and-procedure-manual/health-supplements-and-programs/diet-supplements,,1
Emergency Dental Services & Denture Services,Medical/Health,Provincial,Income Support,Means Tested,"IA, DA and/or HA supplement (Low Income)",,"Emergency dental services for the relief of pain are provided to all recipients of income assistance, disability assistance, and hardship assistance.",https://www2.gov.bc.ca/gov/content/governments/policies-for-government/bcea-policy-and-procedure-manual/health-supplements-and-programs/dental-and-orthodontic-services,,1
Extended Medical Therapies,Medical/Health,Provincial,Income Support,Means Tested,"IA, DA and/or HA supplement (Low Income)",Acute need for additional therapy,"Essential extended medical therapies consisting of acupuncture, chiropractic, massage therapy, naturopathy, podiatry and physical therapy may be provided to specific recipients who are eligible for general health supplements. ",https://www2.gov.bc.ca/gov/content/governments/policies-for-government/bcea-policy-and-procedure-manual/health-supplements-and-programs/extended-medical-therapies,"Acupuncture, chiropractic, massage therapy, naturopathy, podiatry and physical therapy",1
Supplementary Health Care Benefits ,Medical/Health,Provincial,Income Support,Income Tested,Low Income,Acute need for additional therapy,"The Supplementary Health Care Benefits program covers the cost of services such as acupuncture, chiropractic, massage therapy, naturopathy, physical therapy, and non surgical podiatry for eligible MSP beneficiaries",https://www2.gov.bc.ca/gov/content/health/health-drug-coverage/msp/bc-residents/premiums/regular-premium-assistance,"Acupuncture, chiropractic, massage therapy, naturopathy, podiatry and physical therapy",1
Fair Pharmacare: general,Medical/Health,Provincial,Income Support,Income Tested,Other,,"Fair PharmaCare helps B.C. families pay for eligible prescription drugs, dispensing fees and some medical supplies.",https://www2.gov.bc.ca/gov/content/health/health-drug-coverage/pharmacare-for-bc-residents/who-we-cover/fair-pharmacare-plan,,2
Fair Pharmacare: Recipients of IA (Plan C),Medical/Health,Provincial,Income Support,Means Tested,"IA, DA and/or HA supplement (Low Income)",,This plan provides 100% coverage of eligible prescription costs for B.C. residents receiving benefits and income assistance through the Ministry of Social Development and Poverty Reduction.,https://www2.gov.bc.ca/gov/content/health/health-drug-coverage/pharmacare-for-bc-residents/who-we-cover#plan-c,Referral by SDPR to Health,2
Fair Pharmacare: Residents of Residential Care Facilities (Plan B),Medical/Health,Provincial,Income Support,Neither,Other,Permanent residents of licensed residential care facilities,"Fair PharmaCare helps B.C. families pay for eligible prescription drugs, dispensing fees and some medical supplies.",https://www2.gov.bc.ca/gov/content/health/health-drug-coverage/pharmacare-for-bc-residents/who-we-cover/fair-pharmacare-plan,,
Fair Pharmacare: Cystic Fibrosis (Plan D),Medical/Health,Provincial,Income Support,Neither,Other,Cystic Fibrosis,This plan provides 100% coverage of eligible prescription costs for B.C. residents receiving benefits and income assistance through the Ministry of Social Development and Poverty Reduction.,https://www2.gov.bc.ca/gov/content/health/health-drug-coverage/pharmacare-for-bc-residents/who-we-cover#plan-c,,
Fair Pharmacare: Children in the At Home program (Plan F),Medical/Health,Provincial,Income Support,Neither,Other,Child is in the At Home program,PharmaCare covers the full cost of eligible prescription drugs and designated medical supplies for permanent residents of licensed residential care facilities as long as the facility has asked PharmaCare to add it to the list of Plan B facilities.,https://www2.gov.bc.ca/gov/content/health/health-drug-coverage/pharmacare-for-bc-residents/who-we-cover,,
Fair Pharmacare: Psychiatric Medications (Plan G),Medical/Health,Provincial,Income Support,Income Tested,Other,Clinical and financial need,Individuals with cystic fibrosis who are registered with a provincial cystic fibrosis clinic receive coverage of digestive enzymes and other products listed in the Cystic Fibrosis Formulary. The Cystic Fibrosis Clinic arranges Plan D coverage for their patients. You do not need to apply to PharmaCare for this coverage.,https://www2.gov.bc.ca/gov/content/health/health-drug-coverage/pharmacare-for-bc-residents/who-we-cover,,
Fair Pharmacare: Pallitive Care drug plan (Plan P),Medical/Health,Provincial,Income Support,Neither,Other,End-of-life care,"The At Home program of the Ministry of Children and Family Development provides community-based, family-style care for severely handicapped children who would otherwise become reliant on institutional care.",https://www2.gov.bc.ca/gov/content/health/health-drug-coverage/pharmacare-for-bc-residents/who-we-cover,,
Fair Pharmacare: First Nations Health Benefits (Plan W),Medical/Health,Provincial,Income Support,Neither,First nations/aboriginal/Inuit,,The Psychiatric Medications Plan (Plan G) is available to B.C. residents of any age who demonstrate clinical and financial need. The plan provides coverage of certain psychiatric medications.,https://www2.gov.bc.ca/gov/content/health/health-drug-coverage/pharmacare-for-bc-residents/who-we-cover,,
Guide Dog and Service Dog Supplement,Medical/Health,Provincial,Income Support,Means Tested,"IA, DA and/or HA supplement (Low Income)",Guide or service dog,"BC Palliative Care benefits are available to BC residents of any age who have reached the end stage of a life-threatening disease or illness and who wish to receive palliative care at home—meaning wherever the person is living, whether in their own home, with family or friends, in a supportive/assisted living residence, or in a hospice unit at a residential care facility",https://www2.gov.bc.ca/gov/content/health/practitioner-professional-resources/pharmacare/prescribers/plan-p-bc-palliative-care-benefits-program,,1
Healthy Kids Program,Medical/Health,Provincial,Income Support,Income Tested,Dependent child(ren) AND Low Income,,,,,2
Life-Threatening Health Needs,Medical/Health,Provincial,Income Support,Income Tested,Low Income,,"Access to certain health supplements to persons who are not otherwise eligible, have no other resources to meet that need  and  face a direct and imminent life-threatening health need and there are no resources available to the family unit. The supplements available to address a specific life-threatening need are medical equipment, medical supplies and medical transportation.",https://www2.gov.bc.ca/gov/content/governments/policies-for-government/bcea-policy-and-procedure-manual/health-supplements-and-programs/life-threatening-health-needs-new,*unsure if direct or indirect,1
Medical Equipment - Orthoses,Medical/Health,Provincial,Income Support,Means Tested,"IA, DA and/or HA supplement (Low Income)",,"The least expensive, appropriate orthoses may be provided to eligible clients to meet a medically essential need. There must be no other resources available to the client to provide the item requested. Orthoses are items that are applied externally to the limb or body to provide support, protection or replacement of lost function.",https://www2.gov.bc.ca/gov/content/governments/policies-for-government/bcea-policy-and-procedure-manual/health-supplements-and-programs/medical-equipment-orthoses,Up to a maximum amount,1
Medical Equipment - Orthoses,Medical/Health,Provincial,Income Support,Means Tested,Low Income,,"The least expensive, appropriate orthoses may be provided to eligible clients to meet a medically essential need. There must be no other resources available to the client to provide the item requested. Orthoses are items that are applied externally to the limb or body to provide support, protection or replacement of lost function.",https://www2.gov.bc.ca/gov/content/governments/policies-for-government/bcea-policy-and-procedure-manual/health-supplements-and-programs/medical-equipment-orthoses,Up to a maximum amount,1
Medical Equipment and Devices,Medical/Health,Provincial,Income Support,Means Tested,"IA, DA and/or HA supplement (Low Income)",,"The least expensive, appropriate medical equipment and devices may be provided to specific recipients to assist with a medically essential need. There must be no other resources available to the client to provide the medical equipment requested. ",https://www2.gov.bc.ca/gov/content/governments/policies-for-government/bcea-policy-and-procedure-manual/health-supplements-and-programs/medical-equipment-and-devices,,1
Medical Equipment and Devices,Medical/Health,Provincial,Income Support,Means Tested,Low Income,,"The least expensive, appropriate medical equipment and devices may be provided to specific recipients to assist with a medically essential need. There must be no other resources available to the client to provide the medical equipment requested. ",https://www2.gov.bc.ca/gov/content/governments/policies-for-government/bcea-policy-and-procedure-manual/health-supplements-and-programs/medical-equipment-and-devices,,1
Medical Equipment- Hearing Instruments,Medical/Health,Provincial,Income Support,Means Tested,"IA, DA and/or HA supplement (Low Income)",,"The least expensive, appropriate hearing instruments and associated repairs and supplies are provided to eligible recipients who lack the financial resources to meet the need.",https://www2.gov.bc.ca/gov/content/governments/policies-for-government/bcea-policy-and-procedure-manual/health-supplements-and-programs/medical-equipment-hearing-instruments,,1
Medical Equipment- Hearing Instruments,Medical/Health,Provincial,Income Support,Means Tested,Low Income,,"The least expensive, appropriate hearing instruments and associated repairs and supplies are provided to eligible recipients who lack the financial resources to meet the need.",https://www2.gov.bc.ca/gov/content/governments/policies-for-government/bcea-policy-and-procedure-manual/health-supplements-and-programs/medical-equipment-hearing-instruments,,1
Medical Services Only Category,Medical/Health,Provincial,Income Support,Means Tested,Low Income,Former DA or IA recipient with either PWD or PPMB designation,Continued access to specific health supplements to certain categories of former recipients of assistance. One of the major goals of MSO is to assist persons with the Persons with Disabilities designation to obtain and maintain employment by allowing them to retain access to health supplements as they move from disability assistance into financial independence.,https://www2.gov.bc.ca/gov/content/governments/policies-for-government/bcea-policy-and-procedure-manual/health-supplements-and-programs/medical-services-only,,1
Medical Services Plan: Regular Premium Assistance,Medical/Health,Provincial,Income Support,Income Tested,Low Income,,"In B.C., residents pay monthly MSP rates (premiums), which help meet a portion of the costs of B.C.’s health-care system. MSP offers rates that are affordable for most B.C. residents. Assistance is available for those who have financial need and cannot afford to pay their premiums.",https://www2.gov.bc.ca/gov/content/health/health-drug-coverage/msp/bc-residents/premiums/regular-premium-assistance,*Premiums eliminated as of Jan. 2020,2
Medical Services Plan: Premium Free Medical Coverage,Medical/Health,Provincial,Income Support,Means Tested,"IA, DA and/or HA supplement (Low Income)",,Premium-free medical coverage through the Medical Services Plan (MSP) ,https://www2.gov.bc.ca/gov/content/governments/policies-for-government/bcea-policy-and-procedure-manual/health-supplements-and-programs/medical-services-plan-and-medical-coverage,*Premiums eliminated as of Jan. 2020. Requires referral from SDPR.,2
Medical Services Plan: Temporary Premium Assistance,Medical/Health,Provincial,Income Support,Income Tested,Other,Temporary financial hardship,"In B.C., residents pay monthly MSP rates (premiums), which help meet a portion of the costs of B.C.’s health-care system. Temporary Premium Assistance helps pay your monthly premium if you’ve recently had an unexpected change to your financial situation (e.g., illness, disability, loss of job).",https://www2.gov.bc.ca/gov/content/health/health-drug-coverage/msp/bc-residents/premiums/regular-premium-assistance,*Premiums eliminated as of Jan. 2020,1
Medical Supplies,Medical/Health,Provincial,Income Support,Means Tested,"IA, DA and/or HA supplement (Low Income)",Supplies are necessary to avoid an imminent and substantial danger to health,Medical or surgical supplies to avoid an imminent or substantial danger to health ,https://www2.gov.bc.ca/gov/content/governments/policies-for-government/bcea-policy-and-procedure-manual/health-supplements-and-programs/medical-supplies,,1
Medical Supplies,Medical/Health,Provincial,Income Support,Means Tested,Low Income,Supplies are necessary to avoid an imminent and substantial danger to health,Medical or surgical supplies to avoid an imminent or substantial danger to health ,https://www2.gov.bc.ca/gov/content/governments/policies-for-government/bcea-policy-and-procedure-manual/health-supplements-and-programs/medical-supplies,,1
Medical Transportation Supplement,Medical/Health,Provincial,Income Support,Means Tested,"IA, DA and/or HA supplement (Low Income)",,Medical transportation supplements to meet extraordinary transportation costs associated with essential medical treatment,https://www2.gov.bc.ca/gov/content/governments/policies-for-government/bcea-policy-and-procedure-manual/health-supplements-and-programs/medical-transportation,,1
Medical Transportation Supplement,Medical/Health,Provincial,Income Support,Means Tested,Low Income,,Medical transportation supplements to meet extraordinary transportation costs associated with essential medical treatment,https://www2.gov.bc.ca/gov/content/governments/policies-for-government/bcea-policy-and-procedure-manual/health-supplements-and-programs/medical-transportation,,1
Monthly Nutritional Supplement,Medical/Health,Provincial,Income Support,Means Tested,"IA, DA and/or HA supplement (Low Income) AND Disability","Nutritional items will alleviate a severe medical condition causing a chronic, progressive deterioration of health","A monthly nutritional supplement is provided to recipients eligible for the Person with Disabilities designation who are in receipt of disability assistance and who have a severe medical condition causing a chronic, progressive deterioration of health with symptoms of wasting.  This supplement is intended to prevent imminent danger to the person’s life by providing essential, specified items to supplement regular nutritional needs.",https://www2.gov.bc.ca/gov/content/governments/policies-for-government/bcea-policy-and-procedure-manual/health-supplements-and-programs/monthly-nutritional-supplement,,1
Natal Supplement,Medical/Health,Provincial,Income Support,Means Tested,"IA, DA and/or HA supplement (Low Income)",Pregnant OR dependent child under 7 months,A natal supplement is provided to pregnant recipients and to family units with a child under the age of seven months. This supplement is intended to assist in meeting extra costs associated with prenatal and postnatal expenses.,https://www2.gov.bc.ca/gov/content/governments/policies-for-government/bcea-policy-and-procedure-manual/health-supplements-and-programs/natal-supplement,,1
Nutritional Supplement: Short-Term,Medical/Health,Provincial,Income Support,Means Tested,"IA, DA and/or HA supplement (Low Income)",,"Nutritional supplements may be provided to eligible recipients of income assistance or disability assistance who need additional calories above a regular diet to recover from surgery, severe injury, serious disease, or the side effects of medical treatment.",https://www2.gov.bc.ca/gov/content/governments/policies-for-government/bcea-policy-and-procedure-manual/health-supplements-and-programs/nutritional-supplements,Up to 3 months,1
Optical Services,Medical/Health,Provincial,Income Support,Means Tested,"IA, DA and/or HA supplement (Low Income)",,"Specified optical services, including eye exams, are provided to recipients of income assistance, disability assistance, and hardship assistance.",https://www2.gov.bc.ca/gov/content/governments/policies-for-government/bcea-policy-and-procedure-manual/health-supplements-and-programs/optical-services,Up to a maximum amount,1
Dental: Orthodontic Services,Medical/Health,Provincial,Income Support,Means Tested,"IA, DA and/or HA supplement (Low Income) AND Dependent child(ren)",Children of IA or DA recipients only,,https://www2.gov.bc.ca/gov/content/governments/policies-for-government/bcea-policy-and-procedure-manual/health-supplements-and-programs/dental-and-orthodontic-services,,1
Dental: Orthodontic Services,Medical/Health,Provincial,Income Support,Means Tested,"IA, DA and/or HA supplement (Low Income) AND Disability",Children of IA or DA recipients only,,https://www2.gov.bc.ca/gov/content/governments/policies-for-government/bcea-policy-and-procedure-manual/health-supplements-and-programs/dental-and-orthodontic-services,,1
Supplement for Alcohol and Drug Treatment,Medical/Health,Provincial,Income Support,Means Tested,"IA, DA and/or HA supplement (Low Income)",,"Alcohol and drug treatment supplement to provide payment for alcohol and drug counselling services (including a methadone program). Primarily used for coverage of private clinic fees for OAT/OST services, such as methadone substance treatment. ",https://www2.gov.bc.ca/gov/content/governments/policies-for-government/bcea-policy-and-procedure-manual/health-supplements-and-programs/supplement-for-alcohol-and-drug-treatment,,1
Transitional Health Services ,Medical/Health,Provincial,Income Support,Means Tested,Dependent child(ren) AND Low Income,Formerly on IA AND employed,THS provides continued access to certain health supplements for up to one year. Intent of THS is to assist families with children to obtain and maintain employment by allowing them to retain their premium-assisted Medical Services Plan coverage as well as other health supplements while they move from income assistance into financial independence.  ,https://www2.gov.bc.ca/gov/content/governments/policies-for-government/bcea-policy-and-procedure-manual/health-supplements-and-programs/transitional-health-services,,1
Tube Feed Supplement,Medical/Health,Provincial,Income Support,Means Tested,"IA, DA and/or HA supplement (Low Income)",Primary source of nutrition must be obtained through tube feeding,"The tube feed supplement is intended to provide liquid nutritional product, equipment and supplies to recipients of income assistance or disability assistancewho are unable to take food orally or process it through the gastrointestinal system.  The supplement includes nutritional products, as well as related medical equipment or medical supplies (such as pumps, tubes and bags).",https://www2.gov.bc.ca/gov/content/governments/policies-for-government/bcea-policy-and-procedure-manual/health-supplements-and-programs/tube-feed-supplement,,1
Child Care Operating Funding,Children and Family,Provincial,Market Supports,Neither,Other,Licensed child care provider,Assists with the day-to-day costs of running a licensed child care facility. ,https://www2.gov.bc.ca/gov/content/family-social-supports/caring-for-young-children/running-daycare-preschool/child-care-operating-funding,Assists with the day-to-day costs of running a licensed child care facility. Applied for by child care providers.,1
Housing Internship for First Nation and Inuit Youth,"Education, Training, and Employment",Federal,Market Supports,Neither,First nations/aboriginal/Inuit,,This program provides financial assistance to help First Nations and Inuit businesses and organizations create housing-related internships for youth. These internships can provide much-needed work experience and on-the-job training to youth.,https://www.cmhc-schl.gc.ca/en/developing-and-renovating/developing-for-first-nations/housing-internship-initiative-first-nation-inuit-youth,,1
Western Canada Business Services Network,"Education, Training, and Employment",Federal,Market Supports,Neither,Other,,"The Western Canada Business Service Network (WCBSN) is a group of independent organizations that receive WD funds to help Western Canadians start, grow and expand their businesses.",https://www.wd-deo.gc.ca/eng/19541.asp,,1
Work Integrated Learning Opportunities/work placements,"Education, Training, and Employment",Federal,Market Supports,Neither,Other,,"Through Employment and Social Development Canada, creation of 40,000 work-integrated learning opportunities/work placements: $631.2 million over 5 years for 20,000 new work placements per year plus $150 million over 4 years to ESDC create partnerships with business to create a further 20,000",https://www.canada.ca/en/employment-social-development/programs.html,,1
Aboriginal Community-Based Training Partnerships Program,"Education, Training, and Employment",Provincial,Market Supports,Neither,First nations/aboriginal/Inuit,,"Through the Aboriginal Community-Based Training Partnerships (ACBTP) program, the Ministry funds partnerships between public Post-Secondary institutions (PSIs) and Indigenous communities to deliver education and training programs within communities",https://bcafn.ca/resource/aboriginal-community-based-training-partnership-program-acbtp/,Applications not currently being accepted. There is no set date for a future ACBTP procurement process.,1
BC Employer Training Grant (WDA),"Education, Training, and Employment",Provincial,Market Supports,Neither,Other,,Provides up to $8M (in WDA funding) a year to employers to support skills training for their current and new employees. ,https://www.workbc.ca/Employer-Resources/BC-Employer-Training-Grant.aspx,,1
Community Workforce Response Grant (WDA),"Education, Training, and Employment",Provincial,Market Supports,Neither,Other,,Provides up to $10M a year to communities and industries to support in-demand skills training leading to secure and sustainable employment for unemployed or underemployed British Columbians. ,https://www.workbc.ca/Employment-Services/Community-Workforce-Response-Grant.aspx,,1
Indigenous Skills Training Development Fund,"Education, Training, and Employment",Provincial,Market Supports,Neither,First nations/aboriginal/Inuit,,The ISTDF supports Indigenous community members (on and off reserve) in British Columbia’s North and Lower Mainland to acquire the skills needed to respond to emerging resource-based opportunities,,,1
Sector Labour Market Partnership Program,"Education, Training, and Employment",Provincial,Market Supports,Neither,Other,,"Assists industry and employers understand and respond to changing labour market demands. The Program provides funding for partnership-led projects that address broader sector and regional labour market issues within B.C.’s diverse economy; five types of projects funded – engagement and planning, research, strategy development, strategy implementation, and evaluation  ",,,1
WorkBC: The Community and Employer Partnerships Program (LMDA),"Education, Training, and Employment",Provincial,Market Supports,Neither,Other,,Community and Employer Partnerships foster networks of community organizations and employers across B.C. The purpose of these partnerships is to work together to address labour market issues and increase employment opportunities for unemployed British Columbians.,https://www.workbc.ca/Employment-Services/Community-and-Employer-Partnerships.aspx,Part of the LMDA ,1
RESP,"Education, Training, and Employment",Voluntary Savings,Market Supports,Neither,Dependent child(ren),,,,,1
Federal Internship for Newcomers Program,"Education, Training, and Employment",Federal,Market Supports,Neither,Immigrant/Refugee/New to Canada,Lived in Canada for less than 10 years,"The Federal Internship for Newcomers (FIN) Program offers eligible newcomers a chance to gain valuable temporary work experience and training opportunities with Canadian federal, provincial and municipal organizations.",https://www.canada.ca/en/immigration-refugees-citizenship/services/new-immigrants/prepare-life-canada/prepare-work/federal-internship.html,Only available in Victoria,1
Minimum Wage Regulation,Financial Supports: Non-Work,Regulation,Market Supports,Neither,Low Income,,,,,1
RDSP ,Financial Supports: Non-Work,Voluntary Savings,Market Supports,Neither,Disability,,,,,1
RRSP,Financial Supports: Non-Work,Voluntary Savings,Market Supports,Neither,Other,Bank Account,,,,1
TFSA,Financial Supports: Non-Work,Voluntary Savings,Market Supports,Neither,Other,Bank Account,,,,1
Home Buyer's Plan,Housing,Federal,Market Supports,Neither,Other,First Home,"The Home Buyers' Plan (HBP) is a program that allows individuals to withdraw up to $25,000 in a calendar year from your registered retirement savings plans (RRSPs) to buy or build a qualifying home for yourself or for a related person with a disability",https://www.canada.ca/en/revenue-agency/services/tax/individuals/topics/rrsps-related-plans/what-home-buyers-plan.html,Tax-free withdrawal from RRSP for down-payment,1
Housing Supply Challenge,Housing,Federal,Market Supports,Neither,Other,,Program invites municipalities and other stakeholders to propose new ways to break down barriers in the creation of new housing.  Merit-based competition will fund winners $300 million in funding,,,1
