Full Program Name,Program,Program Type/Target,Level of Government,Cash to In-Kind Spectrum,Child,Child Full Name,color
Aboriginal Leadership Opportunities Year,ALOY,"Education, Training, and Employment",Government of Canada,Pure In-Kind,,,blue
Canada Child Benefit,Canada Child Benefit,Children and Family,Government of Canada,Pure Cash Transfer,,,lime
Canada Education Savings,Canada Education Savings,"Education, Training, and Employment",Government of Canada,Pure Cash Transfer,,,lime
Canada Student Grants,Canada Student Grants,"Education, Training, and Employment",Government of Canada,Cash Geared to Cost,,,
Canada Student Loans,Canada Student Loans,"Education, Training, and Employment",Government of Canada,Cash Geared to Cost,,,
Canada Training Credit,Canada Training Credit,"Education, Training, and Employment",Government of Canada,Pure In-Kind,,,blue
Canada Worker's Benefit ,Canada Worker's Benefit ,Financial Supports: Work-Related,Government of Canada,Refundable tax credit,,,
Canadian Benefit for Parents of Young Victims of Crime,Victims of Crime,Financial Supports: Work-Related,Government of Canada,Pure Cash Transfer,,,lime
Canadian Forces Disability Benefits,Disability Benefits,Financial Supports: Non-Work,Government of Canada,Pure Cash Transfer,,,lime
Canadian Forces Income Replacement Benefit,Income Replacement,Financial Supports: Work-Related,Government of Canada,Pure Cash Transfer,,,lime
Canadian Forces Income Support,Income Support,Financial Supports: Non-Work,Government of Canada,Pure Cash Transfer,,,lime
Child Disability Benefit,Child Disability Benefit,Children and Family,Government of Canada,Pure Cash Transfer,,,lime
Canada Pension Plan,Canada Pension Plan,Financial Supports: Work-Related,Government of Canada,Pure Cash Transfer,,,lime
Disability Savings,Disability Savings,Financial Supports: Non-Work,Government of Canada,Pure Cash Transfer,,,lime
Disability Tax Credit,Disability Tax Credit,Financial Supports: Non-Work,Government of Canada,Non-refundable tax credit,,,
Education and Training Benefit (Veterans),Education & Training,"Education, Training, and Employment",Government of Canada,Cash Geared to Cost,,,
Employment Insurance,Employment Insurance,Financial Supports: Non-Work,Government of Canada,Pure Cash Transfer,,,lime
Excise Gasoline Tax Refund,Excise Gasoline Refund,Financial Supports: Non-Work,Government of Canada,Bill Refund,,,
Federal Internship for Newcomers Program,Newcomers Internship,"Education, Training, and Employment",Government of Canada,Pure In-Kind,,,blue
First Nation & Inuit post-secondary student support program,PSSSP,"Education, Training, and Employment",Government of Canada,Cash Geared to Cost,,,
First Time Home Buyer Incentive,FTHBI,Housing,Government of Canada,Pure In-Kind,,,blue
GST/HST Credit,GST/HST Credit,Financial Supports: Non-Work,Government of Canada,Pure Cash Transfer,,,lime
GST/HST New Housing Rebate,New Housing Rebate,Housing,Government of Canada,Bill Refund,,,
Guaranteed Income Supplement,GIS,Financial Supports: Non-Work,Government of Canada,Pure Cash Transfer,,,lime
Home Buyer's Plan,Home Buyer's Plan,Housing,Government of Canada,Pure In-Kind,,,blue
Housing Internship for First Nation and Inuit Youth,HIIFNIY,"Education, Training, and Employment",Government of Canada,Pure In-Kind,,,blue
Housing Supply Challenge,Housing Supply,Housing,Government of Canada,Services,,,
Immigration Loans Program ,Immigation Loans,Financial Supports: Non-Work,Government of Canada,Cash Geared to Cost,,,
Indian Residential Schools Resolution Health Support Program,IRS RHSP,Medical/Health,Government of Canada,Pure In-Kind,,,blue
Language Instruction for Newcomers to Canada,LINC,"Education, Training, and Employment",Government of Canada,Pure In-Kind,,,blue
Medical Expenses Tax Credit,Medical Expense Credit,Medical/Health,Government of Canada,Non-refundable tax credit,,,
Non-Insured Health Benefits Program,NIHB,Medical/Health,Government of Canada,Pure In-Kind,,,blue
Old Age Security Pension,OAS,Financial Supports: Non-Work,Government of Canada,Pure Cash Transfer,,,lime
Resettlement Assistance Program,Resettlement Assistance,Financial Supports: Non-Work,Government of Canada,Pure In-Kind,,,blue
Right of Permanent Residence Fee Loan,Right of PR loan,Financial Supports: Non-Work,Government of Canada,Pure In-Kind,,,blue
Skills Link,Skills Link,"Education, Training, and Employment",Government of Canada,Pure In-Kind,,,blue
Veteran Exceptional Incapacity Allowance,Incapacity Allowance,Financial Supports: Non-Work,Government of Canada,Pure Cash Transfer,,,lime
Veteran's Attendance Allowance,Attendance Allowance,Financial Supports: Non-Work,Government of Canada,Cash Geared to Cost,,,
Veteran's Detention Benefit,Detention Benefit,Financial Supports: Non-Work,Government of Canada,Pure Cash Transfer,,,lime
Veteran's Independence Program,Independence,Financial Supports: Non-Work,Government of Canada,Pure In-Kind OR Bill Refund,,,
Veteran's Independence Program for Survivors,Independence for Survivors,Financial Supports: Non-Work,Government of Canada,Pure In-Kind OR Bill Refund,,,
Veterans Clothing Allowance,Clothing Allowance,Financial Supports: Non-Work,Government of Canada,Cash Geared to Cost,,,
War Veteran's Funeral and Burial Assistance,War Vet Funeral Assistance,Financial Supports: Non-Work,Government of Canada,Pure In-Kind,,,blue
War Veteran's Prisoner of War Compensation,War Vet POW Comp.,Financial Supports: Non-Work,Government of Canada,Pure Cash Transfer,,,lime
War Veterans Allowance,War Vet Allowance,Financial Supports: Non-Work,Government of Canada,Pure Cash Transfer,,,lime
War Veterans Death Benefit,War Vet Death Benefit,Financial Supports: Non-Work,Government of Canada,Pure Cash Transfer,,,lime
Western Canada Business Services Network,Western Business Services Network,"Education, Training, and Employment",Government of Canada,Services,,,
Work Integrated Learning Opportunities/work placements,Work Placements,"Education, Training, and Employment",Government of Canada,Services,,,
Federal Worker's Comp.,Federal Worker's Comp.,Financial Supports: Work-Related,Government of Canada,Pure Cash Transfer,,,lime
Recreation Financial Assistance Programs,Rec. Fee Assistance,Financial Supports: Non-Work,Government of B.C.,Pure In-Kind,,,blue
Rent Banks,Rent Banks,Housing,Municipal,Pure In-Kind,,,blue
Aboriginal Community-Based Training Partnerships Program,ACBTP,"Education, Training, and Employment",Government of B.C.,Services,,,
Aboriginal Emergency Assistance Fund (post-secondary),AEAF,"Education, Training, and Employment",Government of B.C.,Pure Cash Transfer,,,lime
Affordable Child Care Benefit,ACCB,Children and Family,Government of B.C.,Pure In-Kind,,,blue
Affordable Rental Housing,Affordable Rental Housing,Housing,Government of B.C.,Pure In-Kind,,,blue
Agreements with Young Adults,AYA,"Education, Training, and Employment",Government of B.C.,Cash Geared to Cost,,,
BC access grant for students with permanent disabilities,Access Grant,"Education, Training, and Employment",Government of B.C.,Pure In-Kind,,,blue
BC Bus Pass for Seniors,Senior Bus Pass,Financial Supports: Non-Work,Government of B.C.,Pure In-Kind,,,blue
BC Child Opportunity Benefit,Child Opportunity,Children and Family,Government of B.C.,Pure Cash Transfer,,,lime
BC Climate Action Tax Credit,Climate Action Credit,Financial Supports: Non-Work,Government of B.C.,Pure Cash Transfer,,,lime
BC Education and Training Savings Grant ,Education Savings Grant,"Education, Training, and Employment",Government of B.C.,Pure Cash Transfer,,,lime
BC Farmer's Market Nutrition Program,Nutrition Program,Financial Supports: Non-Work,Government of B.C.,Pure In-Kind,,,blue
BC Home Renovation Tax Credit,Home Renovation,Housing,Government of B.C.,Refundable tax credit,,,
BC Hydro Customer Crisis Fund,Crisis Fund,Housing,Government of B.C.,Pure In-Kind,,,blue
BC Sales Tax Credit,Sales Tax Credit,Financial Supports: Non-Work,Government of B.C.,Refundable tax credit,,,
BC Tax Reduction Credit,Tax Reduction Credit,Financial Supports: Non-Work,Government of B.C.,Non-refundable tax credit,,,
Career Paths for Skilled Immigrants,Career Paths,"Education, Training, and Employment",Government of B.C.,Pure In-Kind,,,blue
Child Care Operating Funding ,CCOF,Children and Family,Government of B.C.,Cash Geared to Cost,,,
Childcare Fee Reduction Initiative,CCFRI,Children and Family,Government of B.C.,Pure In-Kind,,,blue
General Supplements,General Supplements,Financial Supports: Non-Work,Government of B.C.,Pure Cash Transfer,X-mas Supp.,Christmas Supplement,lime
General Supplements,General Supplements,Financial Supports: Non-Work,Government of B.C.,Cash Geared to Cost,Clothing Supp.,Clothing Supplement for People in Special Care Facilities,
General Supplements,General Supplements,Housing,Government of B.C.,Cash Geared to Cost,Co-op Share Supp.,Co-op Share Purchase Supplement,
Community Adult Literacy Program,Adult Literacy,"Education, Training, and Employment",Government of B.C.,Pure In-Kind,,,blue
Workforce Development Agreement Programs,WDA,"Education, Training, and Employment",Government of B.C.,Pure In-Kind,,,blue
CommunityLink Funding and Vulnerable Student Supplement,CommunityLink & VSS,Financial Supports: Non-Work,Government of B.C.,Pure In-Kind,,,blue
General Supplements,General Supplements,Financial Supports: Non-Work,Government of B.C.,Cash Geared to Cost,Confirmed Job Supp.,Confirmed Job Supplement,
Crime Victim Assistance Program,CVAP,Financial Supports: Non-Work,Government of B.C.,Pure In-Kind,,,blue
General Supplements,General Supplements,Financial Supports: Non-Work,Government of B.C.,Pure Cash Transfer,Crisis Supp.,Crisis Supplement,lime
Health Supplements,Health Supp.,Medical/Health,Government of B.C.,Pure In-Kind,Dental: crown and bridge,Dental: Crown and bridge work,blue
Health Supplements,Health Supp.,Medical/Health,Government of B.C.,Pure In-Kind,Dental: Orthodontic,Dental: Orthodontic Services,blue
Health Supplements,Health Supp.,Medical/Health,Government of B.C.,Cash Geared to Cost,Diet Supp.,Diet Supplements,
Disability Assistance,Disability Assistance,Financial Supports: Non-Work,Government of B.C.,Pure Cash Transfer,,,lime
Health Supplements,Health Supp.,Medical/Health,Government of B.C.,Pure In-Kind,Emergency Dental,Emergency Dental Services & Denture Services,blue
Energy Conservation Assistance Program,ECAP,Housing,Government of B.C.,Pure In-Kind,,,blue
Health Supplements,Health Supp.,Medical/Health,Government of B.C.,Pure In-Kind,Extended Medical,Extended Medical Therapies,blue
Fair Pharmacare,Fair Pharmacare,Medical/Health,Government of B.C.,Pure In-Kind,,,blue
General Supplements,General Supplements,Children and Family,Government of B.C.,Pure In-Kind,Family Maintenance,Family Maintenance Services,blue
Fuel Tax Refund for Persons with Disabilities,Fuel Tax Refund PWD,Financial Supports: Non-Work,Government of B.C.,Bill Refund,,,
General Supplements,General Supplements,Financial Supports: Non-Work,Government of B.C.,Pure In-Kind,Funeral,Funeral Costs,blue
General Supplements,General Supplements,Medical/Health,Government of B.C.,Cash Geared to Cost,Guide Dog Supp.,Guide Dog and Service Dog Supplement,
Hardship Assistance,Hardship Assistance,Financial Supports: Non-Work,Government of B.C.,Pure Cash Transfer,,,lime
Healthy Kids Program,Healthy Kids,Medical/Health,Government of B.C.,Pure In-Kind,,,blue
Home Adaptations for Independence,Home Adaptions,Housing,Government of B.C.,Bill Refund,,,
Home Owner Grant,HOG,Housing,Government of B.C.,Pure In-Kind,,,blue
Homeless Rent Supplements,Homeless Rent Supp.,Housing,Government of B.C.,Pure In-Kind,,,blue
Homeless Shelters ,Shelters,Housing,Government of B.C.,Pure In-Kind,,,blue
General Supplements,General Supplements,Financial Supports: Non-Work,Government of B.C.,Cash Geared to Cost,ID Supp.,Identification Supplement,
Income Assistance,Income Assistance,Financial Supports: Non-Work,Government of B.C.,Pure Cash Transfer,,,lime
Independent Living ,Independent Living ,Housing,Government of B.C.,Pure In-Kind,,,blue
Indigenous Skills Training Development Fund,ISTDF,"Education, Training, and Employment",Government of B.C.,Services,,,
Legal Aid,Legal Aid,Financial Supports: Non-Work,Government of B.C.,Pure In-Kind,,,blue
Life Threatening Health Need,Life Threatening,Medical/Health,Government of B.C.,Pure In-Kind,,,blue
Health Supplements,Health Supp.,Medical/Health,Government of B.C.,Pure In-Kind,Med. Equip. - Orthoses,Medical Equipment - Orthoses,blue
Health Supplements,Health Supp.,Medical/Health,Government of B.C.,Pure In-Kind,Med. Equip. & Devices,Medical Equipment and Devices,blue
Health Supplements,Health Supp.,Medical/Health,Government of B.C.,Pure In-Kind,Med. Equip. - Hearing,Medical Equipment- Hearing Instruments,blue
Medical Services Only,MSO,Medical/Health,Government of B.C.,Pure In-Kind,,,blue
Health Supplements,Health Supp.,Medical/Health,Government of B.C.,Pure In-Kind,Med. Supplies,Medical Supplies,blue
Health Supplements,Health Supp.,Medical/Health,Government of B.C.,Cash Geared to Cost,Med. Transport,Medical Transportation Supplement,
Health Supplements,Health Supp.,Medical/Health,Government of B.C.,Cash Geared to Cost,Nutrition Supp. ,Monthly Nutritional Supplement,
General Supplements,General Supplements,Housing,Government of B.C.,Cash Geared to Cost,Moving & Transport Supp.,"Moving, Transportation and Living Costs",
General Supplements,General Supplements,Medical/Health,Government of B.C.,Cash Geared to Cost,Natal Supp. ,Natal Supplement,
Health Supplements,Health Supp.,Children and Family,Government of B.C.,Pure In-Kind,Infant Formula Supp. ,Nutritional Supplement: infant formula,blue
Health Supplements,Health Supp.,Medical/Health,Government of B.C.,Pure In-Kind,Short-term Nutrition Supp.,Nutritional Supplement: Short-Term,blue
Health Supplements,Health Supp.,Medical/Health,Government of B.C.,Pure In-Kind,Optical,Optical Services,blue
General Supplements,General Supplements,Housing,Government of B.C.,Cash Geared to Cost,Pre-natal Shelter Supp.,Pre-natal Shelter Supplement,
Property Tax Deferral,PTD,Housing,Government of B.C.,Pure In-Kind,,,blue
Provincial Tuition Waiver Program,Tuition Waiver,"Education, Training, and Employment",Government of B.C.,Pure In-Kind,,,blue
Rental Assistance Program,RAP,Housing,Government of B.C.,Cash Geared to Cost,,,
General Supplements,General Supplements,Children and Family,Government of B.C.,Pure Cash Transfer,School Start-up Supp.,School Start-up Supplement,lime
Sector Labour Market Partnership Program,Senior LMP,"Education, Training, and Employment",Government of B.C.,Services,,,
General Supplements,General Supplements,Housing,Government of B.C.,Cash Geared to Cost,Security Deposit,Security Deposit,
Seniors Supplement,Seniors Supplement,Financial Supports: Non-Work,Government of B.C.,Pure Cash Transfer,,,lime
Seniors' Supportive Housing,Seniors' Support Housing,Housing,Government of B.C.,Pure In-Kind,,,blue
Shelter Aid for Elderly Renters,SAFER,Housing,Government of B.C.,Cash Geared to Cost,,,
"StudentAid BC: bursaries, loans, grants",StudentAid,"Education, Training, and Employment",Government of B.C.,Cash Geared to Cost,,,
Subsidized Rental Housing,Subsidized Rental,Housing,Government of B.C.,Pure In-Kind,,,blue
Health Supplements,Health Supp.,Medical/Health,Government of B.C.,Pure In-Kind OR Bill Refund,Alcohol & Drug Treat.,Supplement for Alcohol and Drug Treatment,
Supplementary Health Care Benefits ,Supp. Health Care,Medical/Health,Government of B.C.,Pure In-Kind,,,blue
Supportive Housing (for low income adults),Supportive Housing,Housing,Government of B.C.,Pure In-Kind,,,blue
General Supplements,General Supplements,Children and Family,Government of B.C.,Pure Cash Transfer,Temp. Child Ben. Top-up,Temporary Child Benefits Top-Up Supplement,lime
Women's Transition Housing and Supports,Transition Houses,Housing,Government of B.C.,Pure In-Kind,,,blue
Transitional Health Services,THS,Medical/Health,Government of B.C.,Pure In-Kind,,,blue
General Supplements,General Supplements,Financial Supports: Non-Work,Government of B.C.,Pure In-Kind,Transport Supp.,Transportation Supplement  ,blue
General Supplements,General Supplements,Financial Supports: Non-Work,Government of B.C.,Pure In-Kind OR Bill Refund,Transport to Alcohol & Drug Fac.,Transportation to Alcohol and Drug Facilities,
General Supplements,General Supplements,"Education, Training, and Employment",Government of B.C.,Cash Geared to Cost,Travel Supp. ,Travel Supplement,
Health Supplements,Health Supp.,Medical/Health,Government of B.C.,Pure In-Kind,Tube Feed Supp. ,Tube Feed Supplement,blue
General Supplements,General Supplements,Housing,Government of B.C.,Cash Geared to Cost,Utility Deposit,Utility Security Deposits,
Victim Travel Fund,Victim Travel Fund,Financial Supports: Non-Work,Government of B.C.,Cash Geared to Cost,,,
Labour Market Development Agreement Programs,LMDA,"Education, Training, and Employment",Government of B.C.,Pure In-Kind,Employ. Services,WorkBC  Employment Services (LMDA),blue
Labour Market Development Agreement Programs,LMDA,"Education, Training, and Employment",Government of B.C.,Cash Geared to Cost,Apprenticeship Services,WorkBC Apprentice Services (LMDA),
Labour Market Development Agreement Programs,LMDA,"Education, Training, and Employment",Government of B.C.,Pure In-Kind,Assistive Tech. ,WorkBC Assistive Technology Services (LMDA),blue
Labour Market Development Agreement Programs,LMDA,"Education, Training, and Employment",Government of B.C.,Cash Geared to Cost,Single Parent Employ. Services,WorkBC Single Parent Employment Initiative (LMDA),
Labour Market Development Agreement Programs,LMDA,"Education, Training, and Employment",Government of B.C.,Pure Cash Transfer,CEP,WorkBC: The Community and Employer Partnerships Program (LMDA),lime
WorkSafe BC: Health Care Benefits,Health Care Benefits,Financial Supports: Work-Related,Government of B.C.,Pure In-Kind,,,blue
WorkSafe BC: Permanent Disability Benefit ,Perm Disability Benefit,Financial Supports: Work-Related,Government of B.C.,Pure Cash Transfer,,,lime
WorkSafe BC: Wage loss benefits,Wage Loss Benefits,Financial Supports: Work-Related,Government of B.C.,Pure Cash Transfer,,,lime
Youth Educational Assistance Fund for Former Youth in Care,YEAF,"Education, Training, and Employment",Government of B.C.,Cash Geared to Cost,,,
RDSP ,RDSP ,Financial Supports: Non-Work,Government of Canada,Voluntary Savings,,,
RESP,RESP,"Education, Training, and Employment",Government of Canada,Voluntary Savings,,,
RRSP,RRSP,Financial Supports: Non-Work,Government of Canada,Voluntary Savings,,,
TFSA,TFSA,Financial Supports: Non-Work,Government of Canada,Voluntary Savings,,,
Allowance ,Allowance ,Financial Supports: Non-Work,Government of Canada,Pure Cash Transfer,,,lime
Apprenticeship Grants,Apprenticeship Grants,"Education, Training, and Employment",Government of Canada,Pure Cash Transfer,,,lime
Health Supplements,Health Supp.,Medical/Health,Government of B.C.,Pure In-Kind,Alternative Hearing Supp. ,Alternative Hearing Assistance Supplement,blue
General Supplements,General Supplements,Children and Family,Government of B.C.,Pure Cash Transfer,Auto. Child Ben. Top-up,Automatic Child Benefits Top-Up Supplement,lime
Health Supplements,Health Supp.,Medical/Health,Government of B.C.,Pure In-Kind,Basic Dental,Basic Dental Services,blue
General Supplements,General Supplements,Children and Family,Government of B.C.,Pure In-Kind OR Bill Refund,Camp Fees Supp. ,Camp Fees Supplement,
Community Living BC,CLBC,Financial Supports: Non-Work,Government of B.C.,Pure In-Kind,,,blue