Full Program Name,Program,Application Method,Age,Program Type/Target,Level of Government,Administrator,Order
Sector Labour Market Partnership Program,Labour Market Partnership,Third Party,Working-Age,"Education, Training, and Employment",Government of B.C.,WorkBC,1
WorkBC: The Community and Employer Partnerships Program (LMDA),CEP,Third Party,Working-Age,"Education, Training, and Employment",Government of B.C.,WorkBC,2
BC Employer Training Grant,Employer Training Grant,Third Party,Working-Age,"Education, Training, and Employment",Government of B.C.,WorkBC,3
Community Workforce Response Grant ,Community Workforce Grant ,Third Party,Working-Age,"Education, Training, and Employment",Government of B.C.,WorkBC,4
Aboriginal Community-Based Training Partnerships Program,ACBTP,Third Party,Working-Age,"Education, Training, and Employment",Government of B.C.,"Ministry of Advanced Education, Skills & Training",5
Indigenous Skills Training Development Fund,ISTDF,Third Party,Working-Age,"Education, Training, and Employment",Government of B.C.,WorkBC,6
Childcare Fee Reduction Initiative,CCFRI,Third Party,Working-Age,Children and Family,Government of B.C.,Ministry of Children and Family Development,7
CommunityLink Funding and Vulnerable Student Supplement,CommunityLink & VSS,Third Party,Working-Age,Financial Supports: Non-Work,Government of B.C.,Service provider,8
Child Care Operating Funding ,CCOF,Third Party,Working-Age,Children and Family,Government of B.C.,Ministry of Children and Family Development,9
Basic Personal Tax Credit,Basic Person. Tax Cred.,Tax filing ,Working-Age,Financial Supports: Non-Work,Government of B.C.,Canada Revenue Agency,10
BC Tax Reduction Credit,Tax Reduction Cred.,Tax filing ,Working-Age,Financial Supports: Non-Work,Government of B.C.,Canada Revenue Agency,11
BC Climate Action Tax Credit,CATC,Tax filing,Working-Age,Financial Supports: Non-Work,Government of B.C.,Canada Revenue Agency,12
BC Sales Tax Credit,Sales Tax Cred.,Tax filing ,Working-Age,Financial Supports: Non-Work,Government of B.C.,Canada Revenue Agency,13
BC Home Renovation Tax Credit,Home Renovation,Tax filing ,Working-Age,Housing,Government of B.C.,Canada Revenue Agency,14
Temporary Child Benefits Top-Up Supplement,Temp. Child Ben. Top-up,Tax filing ,Working-Age,Children and Family,Government of B.C.,Ministry of Social Development and Poverty Reduction ,15
BC Child Opportunity Benefit,Child Opportunity,Automatic with tax filing,Working-Age,Children and Family,Government of B.C.,Canada Revenue Agency,16
Homeless Shelters ,Shelters,Automatic,Working-Age,Housing,Government of B.C.,BC Housing,17
Women's Transition Housing and Supports,Transition Houses,Automatic,Working-Age,Housing,Government of B.C.,BC Housing,18
BC access grant for students with permanent disabilities,Access Grant,Automatic with Other Self Initiated Application,Working-Age,"Education, Training, and Employment",Government of B.C.,StudentAid BC,19
Transportation Supplement  ,Transport Supp.,Automatic with Other Self Initiated Application,Working-Age,Financial Supports: Non-Work,Government of B.C.,Ministry of Social Development and Poverty Reduction ,20
Dental: Crown and bridge work,Dental: crown and bridge,Automatic with Other Self Initiated Application,Working-Age,Medical/Health,Government of B.C.,Pacific Blue Cross,21
Dental: Orthodontic Services,Dental: Orthodontic,Automatic with Other Self Initiated Application,Working-Age,Medical/Health,Government of B.C.,Pacific Blue Cross,22
Emergency Dental Services & Denture Services,Emergency Dental,Automatic with Other Self Initiated Application,Working-Age,Medical/Health,Government of B.C.,Pacific Blue Cross,23
Extended Medical Therapies,Extended Medical,Automatic with Other Self Initiated Application,Working-Age,Medical/Health,Government of B.C.,SDPR: Health Assistance,24
Medical Equipment - Orthoses,Med. Equip. - Orthoses,Automatic with Other Self Initiated Application,Working-Age,Medical/Health,Government of B.C.,SDPR: Health Assistance,25
Medical Equipment and Devices,Med. Equip. & Devices,Automatic with Other Self Initiated Application,Working-Age,Medical/Health,Government of B.C.,SDPR: Health Assistance,26
Medical Equipment- Hearing Instruments,Med. Equip. - Hearing,Automatic with Other Self Initiated Application,Working-Age,Medical/Health,Government of B.C.,Pacific Blue Cross,27
Medical Supplies,Med. Supplies,Automatic with Other Self Initiated Application,Working-Age,Medical/Health,Government of B.C.,SDPR: Health Assistance,28
Nutritional Supplement: Short-Term,Short-term Nutrition Supp.,Automatic with Other Self Initiated Application,Working-Age,Medical/Health,Government of B.C.,SDPR: Health Assistance,29
Optical Services,Optical,Automatic with Other Self Initiated Application,Working-Age,Medical/Health,Government of B.C.,Pacific Blue Cross,30
Tube Feed Supplement,Tube Feed Supp. ,Automatic with Other Self Initiated Application,Working-Age,Medical/Health,Government of B.C.,SDPR: Health Assistance,31
Alternative Hearing Assistance Supplement,Alternative Hearing Supp. ,Automatic with Other Self Initiated Application,Working-Age,Medical/Health,Government of B.C.,Pacific Blue Cross,32
Basic Dental Services,Basic Dental,Automatic with Other Self Initiated Application,Working-Age,Medical/Health,Government of B.C.,Pacific Blue Cross,33
Healthy Kids Program,Healthy Kids,Automatic with Other Self Initiated Application,Working-Age,Medical/Health,Government of B.C.,Pacific Blue Cross,34
Life Threatening Health Need,Life Threatening,Automatic with Other Self Initiated Application,Working-Age,Medical/Health,Government of B.C.,Ministry of Social Development and Poverty Reduction ,35
Medical Services Only,MSO,Automatic with Other Self Initiated Application,Working-Age,Medical/Health,Government of B.C.,Ministry of Social Development and Poverty Reduction ,36
Transitional Health Services,THS,Automatic with Other Self Initiated Application,Working-Age,Medical/Health,Government of B.C.,Ministry of Social Development and Poverty Reduction ,37
School Start-up Supplement,School Start-up Supp.,Automatic with Other Self Initiated Application,Working-Age,Children and Family,Government of B.C.,Ministry of Social Development and Poverty Reduction ,38
Automatic Child Benefits Top-Up Supplement,Auto. Child Ben. Top-up,Automatic with Other Self Initiated Application,Working-Age,Children and Family,Government of B.C.,Ministry of Social Development and Poverty Reduction ,39
BC Education and Training Savings Grant ,Education Savings,Automatic with Other Self Initiated Application,Working-Age,"Education, Training, and Employment",Government of B.C.,Ministry of Education,40
Christmas Supplement,X-mas Supp.,Automatic with Other Self Initiated Application,Working-Age,Financial Supports: Non-Work,Government of B.C.,Ministry of Social Development and Poverty Reduction ,41
Seniors Supplement,Seniors Supp.,Automatic with Other Self Initiated Application,Senior,Financial Supports: Non-Work,Government of B.C.,Canada Revenue Agency,42
Family Maintenance Services,Family Maintenance,Contact Caseworker ,Working-Age,Children and Family,Government of B.C.,Ministry of Social Development and Poverty Reduction ,43
Nutritional Supplement: infant formula,Infant Formula Supp. ,Contact Caseworker ,Working-Age,Children and Family,Government of B.C.,Ministry of Social Development and Poverty Reduction ,44
Homeless Rent Supplements,Homeless Rent Supp.,Contact Caseworker ,Working-Age,Housing,Government of B.C.,BC Housing,45
Camp Fees Supplement,Camp Fees Supp. ,Contact Caseworker ,Working-Age,Children and Family,Government of B.C.,Ministry of Social Development and Poverty Reduction ,46
Transportation to Alcohol and Drug Facilities,Transport to Alcohol & Drug Fac.,Contact Caseworker ,Working-Age,Financial Supports: Non-Work,Government of B.C.,Ministry of Social Development and Poverty Reduction ,47
Supplement for Alcohol and Drug Treatment,Alcohol & Drug Treat.,Contact Caseworker ,Working-Age,Medical/Health,Government of B.C.,Ministry of Social Development and Poverty Reduction ,48
Travel Supplement,Travel Supp. ,Contact Caseworker ,Working-Age,"Education, Training, and Employment",Government of B.C.,Ministry of Social Development and Poverty Reduction ,49
WorkBC Single Parent Employment Initiative (LMDA),Single Parent Employ. Services,Contact Caseworker ,Working-Age,"Education, Training, and Employment",Government of B.C.,WorkBC,50
Clothing Supplement for People in Special Care Facilities,Clothing Supp.,Contact Caseworker ,Working-Age,Financial Supports: Non-Work,Government of B.C.,Ministry of Social Development and Poverty Reduction ,51
Confirmed Job Supplement,Confirmed Job Supp.,Contact Caseworker ,Working-Age,Financial Supports: Non-Work,Government of B.C.,Ministry of Social Development and Poverty Reduction ,52
Identification Supplement,ID Supp.,Contact Caseworker ,Working-Age,Financial Supports: Non-Work,Government of B.C.,Ministry of Social Development and Poverty Reduction ,53
Co-op Share Purchase Supplement,Co-op Share Supp.,Contact Caseworker ,Working-Age,Housing,Government of B.C.,Ministry of Social Development and Poverty Reduction ,54
"Moving, Transportation and Living Costs",Moving & Transport Supp.,Contact Caseworker ,Working-Age,Housing,Government of B.C.,Ministry of Social Development and Poverty Reduction ,55
Pre-natal Shelter Supplement,Pre-natal Shelter Supp.,Contact Caseworker ,Working-Age,Housing,Government of B.C.,Ministry of Social Development and Poverty Reduction ,56
Security Deposits,Security Deposit,Contact Caseworker ,Working-Age,Housing,Government of B.C.,Ministry of Social Development and Poverty Reduction ,57
Utility Security Deposits,Utility Deposit,Contact Caseworker ,Working-Age,Housing,Government of B.C.,Ministry of Social Development and Poverty Reduction ,58
Guide Dog and Service Dog Supplement,Guide Dog Supp.,Contact Caseworker ,Working-Age,Medical/Health,Government of B.C.,Ministry of Social Development and Poverty Reduction ,59
Natal Supplement,Natal Supp. ,Contact Caseworker ,Working-Age,Medical/Health,Government of B.C.,Ministry of Social Development and Poverty Reduction ,60
Diet Supplements,Diet Supp.,Contact Caseworker ,Working-Age,Medical/Health,Government of B.C.,Ministry of Social Development and Poverty Reduction ,61
Monthly Nutritional Supplement,Nutrition Supp. ,Contact Caseworker ,Working-Age,Medical/Health,Government of B.C.,SDPR: Health Assistance,62
Medical Transportation Supplement,Med. Transport,Contact Caseworker ,Working-Age,Medical/Health,Government of B.C.,SDPR: Health Assistance,63
Crisis Supplement,Crisis Supp.,Contact Caseworker ,Working-Age,Financial Supports: Non-Work,Government of B.C.,Ministry of Social Development and Poverty Reduction ,64
Victim Travel Fund,Victim Travel Fund,Self Initiated - Contact Administrator,Working-Age,Financial Supports: Non-Work,Government of B.C.,VictimLinkBC,65
Community Adult Literacy Program,Adult Literacy,Self Initiated - Contact Administrator,Working-Age,"Education, Training, and Employment",Government of B.C.,Service provider,66
Community Living BC,CLBC,Self Initiated - Contact Administrator,Working-Age,Financial Supports: Non-Work,Government of B.C.,Community Living BC,67
Funeral Costs,Funeral,Self Initiated - Contact Administrator,Working-Age,Financial Supports: Non-Work,Government of B.C.,Ministry of Social Development and Poverty Reduction ,68
Legal Aid,Legal Aid,Self Initiated - Contact Administrator,Working-Age,Financial Supports: Non-Work,Government of B.C.,Service provider,69
Agreements with Young Adults,AYA,Self Initiated - Contact Administrator,Working-Age,"Education, Training, and Employment",Government of B.C.,Ministry of Children and Family Development,70
Aboriginal Emergency Assistance Fund (post-secondary),AEAF,Self Initiated - Contact Administrator,Working-Age,"Education, Training, and Employment",Government of B.C.,Post-secondary,71
Career Paths for Skilled Immigrants,Career Paths,Self Initiated - Contact Third Party Provider,Working-Age,"Education, Training, and Employment",Government of B.C.,Douglas College,72
WorkBC Employment Services (LMDA),Employ. Services,Self Initiated - Contact Third Party Provider,Working-Age,"Education, Training, and Employment",Government of B.C.,WorkBC,73
Skills Training for Employment (WDA),Skills Training for Employment,Self Initiated - Contact Third Party Provider,Working-Age,"Education, Training, and Employment",Government of B.C.,WorkBC,74
BC Farmer's Market Nutrition Program,Nutrition Program,Self Initiated - Contact Third Party Provider,Working-Age,Financial Supports: Non-Work,Government of B.C.,Farmer's Market,75
Independent Living ,Independent Living ,Self Initiated - Contact Third Party Provider,Working-Age,Housing,Government of B.C.,BC Housing,76
Affordable Child Care Benefit,ACCB,Self Initiated - Form,Working-Age,Children and Family,Government of B.C.,Ministry of Children and Family Development,77
WorkBC Assistive Technology Services (LMDA),Assistive Tech. ,Self Initiated - Form,Working-Age,"Education, Training, and Employment",Government of B.C.,WorkBC,78
Provincial Tuition Waiver Program,Tuition Waiver,Self Initiated - Form,Working-Age,"Education, Training, and Employment",Government of B.C.,StudentAid BC,79
BC Bus Pass for Seniors,Senior Bus Pass,Self Initiated - Form,Senior,Financial Supports: Non-Work,Government of B.C.,BC Buss Pass Program,80
Crime Victim Assistance Program,CVAP,Self Initiated - Form,Working-Age,Financial Supports: Non-Work,Government of B.C.,VictimLinkBC,81
WorkSafe BC: Health Care Benefits,WorkSafe Health Ben.,Self Initiated - Form,Working-Age,Financial Supports: Work-Related,Government of B.C.,WorkSafeBC,82
Supplementary Health Care Benefits ,Supp. Health Care,Self Initiated - Form,Working-Age,Medical/Health,Government of B.C.,Health Insurance BC,83
Fuel Tax Refund for Persons with Disabilities,Fuel Tax Refund PWD,Self Initiated - Form,Working-Age,Financial Supports: Non-Work,Government of B.C.,Ministry of Finance,84
Home Adaptations for Independence,Home Adaptions,Self Initiated - Form,Working-Age,Housing,Government of B.C.,BC Housing,85
WorkBC Apprentice Services (LMDA),Apprenticeship Services,Self Initiated - Form,Working-Age,"Education, Training, and Employment",Government of B.C.,WorkBC,86
"StudentAid BC: bursaries, loans, grants",StudentAid,Self Initiated - Form,Working-Age,"Education, Training, and Employment",Government of B.C.,StudentAid BC,87
Youth Educational Assistance Fund for Former Youth in Care,YEAF,Self Initiated - Form,Working-Age,"Education, Training, and Employment",Government of B.C.,StudentAid BC,88
Rental Assistance Program,RAP,Self Initiated - Form,Working-Age,Housing,Government of B.C.,BC Housing,89
Shelter Aid for Elderly Renters,SAFER,Self Initiated - Form,Senior,Housing,Government of B.C.,BC Housing,90
Disability Assistance,DA,Self Initiated - Form,Working-Age,Financial Supports: Non-Work,Government of B.C.,Ministry of Social Development and Poverty Reduction ,91
Hardship Assistance,HA,Self Initiated - Form,Working-Age,Financial Supports: Non-Work,Government of B.C.,Ministry of Social Development and Poverty Reduction ,92
Income Assistance,IA,Self Initiated - Form,Working-Age,Financial Supports: Non-Work,Government of B.C.,Ministry of Social Development and Poverty Reduction ,93
WorkSafe BC: Permanent Disability Benefit ,Perm Dis. Benefit,Self Initiated - Form,Working-Age,Financial Supports: Work-Related,Government of B.C.,WorkSafeBC,94
WorkSafe BC: Wage loss benefits,Wage Loss Benefits,Self Initiated - Form,Working-Age,Financial Supports: Work-Related,Government of B.C.,WorkSafeBC,95
Affordable Rental Housing,Affordable Rental Housing,Self Initiated - Form ,Working-Age,Housing,Government of B.C.,BC Housing,96
BC Hydro Customer Crisis Fund,Crisis Fund,Self Initiated - Form ,Working-Age,Housing,Government of B.C.,BC Hydro,97
Energy Conservation Assistance Program,ECAP,Self Initiated - Form ,Working-Age,Housing,Government of B.C.,BC Hydro,98
Home Owner Grant,HOG,Self Initiated - Form ,Working-Age,Housing,Government of B.C.,Municipality,99
Property Tax Deferral,PTD,Self Initiated - Form ,Working-Age,Housing,Government of B.C.,Ministry of Finance,100
Rent Banks,Rent Banks,Self Initiated - Form ,Working-Age,Housing,Government of B.C.,NGO,101
Seniors' Supportive Housing,Seniors' Housing,Self Initiated - Form ,Senior,Housing,Government of B.C.,BC Housing,102
Subsidized Rental Housing,Subsidized Rental,Self Initiated - Form ,Working-Age,Housing,Government of B.C.,BC Housing,103
Supportive Housing (for low income adults),Support Housing,Self Initiated - Form ,Working-Age,Housing,Government of B.C.,BC Housing,104
Fair Pharmacare,Fair Pharma.,Self Initiated - Form ,Working-Age,Medical/Health,Government of B.C.,BC Pharmacare,105
Apprenticeship Completion Grant (ACG),ACG,Self Initiated - Form,Working-Age,"Education, Training, and Employment",Government of Canada,Service Canada,106
Apprenticeship Incentive Grant (AIG),AIG ,Self Initiated - Form,Working-Age,"Education, Training, and Employment",Government of Canada,Service Canada,107
Apprenticeship Incentive Grant for Women,AIG-W,Self Initiated - Form,Working-Age,"Education, Training, and Employment",Government of Canada,Service Canada,108
Canadian Forces Disability Benefits,Disability Benefits,Self Initiated - Form,Working-Age,Financial Supports: Non-Work,Government of Canada,Veterans Affairs Canada,109
Canadian Forces Income Support,Canada Forces Income Support,Self Initiated - Form,Working-Age,Financial Supports: Non-Work,Government of Canada,Veterans Affairs Canada,110
Employment Insurance (EI): regular benefits,EI: regular benefits,Self Initiated - Form,Working-Age,Financial Supports: Work-Related,Government of Canada,Service Canada,111
Employment Insurance: caregiving benefits (adult and/or child(ren)),EI: caregiving,Self Initiated - Form,Working-Age,Financial Supports: Work-Related,Government of Canada,Service Canada,112
Employment Insurance: family supplement,EI: family supp.,Self Initiated - Form,Working-Age,Financial Supports: Work-Related,Government of Canada,Service Canada,113
Employment Insurance: maternity and parental,EI: maternity & parental,Self Initiated - Form,Working-Age,Financial Supports: Work-Related,Government of Canada,Service Canada,114
Employment Insurance: sickness,EI: sickness,Self Initiated - Form,Working-Age,Financial Supports: Work-Related,Government of Canada,Service Canada,115
Veteran's Detention Benefit,Veteran Detention Benefit,Self Initiated - Form,Working-Age,Financial Supports: Non-Work,Government of Canada,Veterans Affairs Canada,116
War Veteran's Prisoner of War Compensation,War Vet POW Comp.,Self Initiated - Form,Senior,Financial Supports: Non-Work,Government of Canada,Veterans Affairs Canada,117
War Veterans Allowance,War Vet Allowance,Self Initiated - Form,Senior,Financial Supports: Non-Work,Government of Canada,Veterans Affairs Canada,118
Allowance for People Aged 60 to 64,Allowance Aged 60 to 64,Self Initiated - Form,Senior,Financial Supports: Non-Work,Government of Canada,Service Canada,119
Allowance for the Survivor,Allowance: Survivor,Self Initiated - Form,Senior,Financial Supports: Non-Work,Government of Canada,Service Canada,120
CPP: Children's Benefits,CPP: Children's ,Self Initiated - Form,Working-Age,Financial Supports: Work-Related,Government of Canada,Service Canada,121
CPP: Death Benefit,CPP: Death,Self Initiated - Form,Working-Age,Financial Supports: Work-Related,Government of Canada,Service Canada,122
CPP: Disability Benefit,CPP: Disability ,Self Initiated - Form,Working-Age,Financial Supports: Work-Related,Government of Canada,Service Canada,123
CPP: Retirement Pension,CPP: Retirement,Self Initiated - Form,Senior,Financial Supports: Work-Related,Government of Canada,Service Canada,124
CPP: Survivor's Pension,CPP: Survivor's ,Self Initiated - Form,Senior,Financial Supports: Work-Related,Government of Canada,Service Canada,125
Canadian Benefit for Parents of Young Victims of Crime,Victims of Crime,Self Initiated - Form,Working-Age,Financial Supports: Work-Related,Government of Canada,Service Canada,126
Canadian Forces Income Replacement Benefit,Income Replacement,Self Initiated - Form,Working-Age,Financial Supports: Work-Related,Government of Canada,Veterans Affairs Canada,127
Federal Worker's Comp.,Federal Worker's Comp.,Self Initiated - Form,Working-Age,Financial Supports: Work-Related,Government of Canada,WorkSafeBC,128
Canada Student Grants,Canada Student Grants,Self Initiated - Form,Working-Age,"Education, Training, and Employment",Government of Canada,StudentAid BC,129
Canada Student Loans,Canada Student Loans,Self Initiated - Form,Working-Age,"Education, Training, and Employment",Government of Canada,StudentAid BC,130
Immigration Loans Program ,Immigation Loans,Self Initiated - Form,Working-Age,Financial Supports: Non-Work,Government of Canada,"Immigration, Refugees, and Citizenship Canada",131
Excise Gasoline Tax Refund,Excise Gasoline Refund,Self Initiated - Form,Working-Age,Financial Supports: Non-Work,Government of Canada,Canada Revenue Agency,132
GST/HST New Housing Rebate,New Housing Rebate,Self Initiated - Form,Working-Age,Housing,Government of Canada,Canada Revenue Agency,133
Veteran's Independence Program,Veteran Independence,Self Initiated - Form,Working-Age,Financial Supports: Non-Work,Government of Canada,Veterans Affairs Canada,134
Veteran's Independence Program for Survivors,Veteran Independence: Survivors,Self Initiated - Form,Working-Age,Financial Supports: Non-Work,Government of Canada,Veterans Affairs Canada,135
Aboriginal Leadership Opportunities Year,ALOY,Self Initiated - Form,Working-Age,"Education, Training, and Employment",Government of Canada,Royal Military College of Canada,136
Right of Permanent Residence Fee Loan,Right of PR loan,Self Initiated - Form,Working-Age,Financial Supports: Non-Work,Government of Canada,"Immigration, Refugees, and Citizenship Canada",137
War Veteran's Funeral and Burial Assistance,Vet. Funeral Assistance,Self Initiated - Form,Senior,Financial Supports: Non-Work,Government of Canada,NGO,138
First Time Home Buyer Incentive,FTHBI,Self Initiated - Form,Working-Age,Housing,Government of Canada,Canada Mortgage and Housing Corporation,139
Home Buyer's Plan,Home Buyer's Plan,Self Initiated - Form,Working-Age,Housing,Government of Canada,Canada Revenue Agency,140
Education and Training Benefit (Veterans),Vet. Education & Training,Self Initiated - Contact Third Party Provider,Working-Age,"Education, Training, and Employment",Government of Canada,Veterans Affairs Canada,141
First Nation & Inuit post-secondary student support program,PSSSP,Self Initiated - Contact Third Party Provider,Working-Age,"Education, Training, and Employment",Government of Canada,Indigenous Services Canada,142
Federal Internship for Newcomers Program,Newcomers Intern.,Self Initiated - Contact Third Party Provider,Working-Age,"Education, Training, and Employment",Government of Canada,"Immigration, Refugees, and Citizenship Canada",143
Housing Internship for First Nation and Inuit Youth,HIIFNIY,Self Initiated - Contact Third Party Provider,Working-Age,"Education, Training, and Employment",Government of Canada,Canada Mortgage and Housing Corporation,144
Language Instruction for Newcomers to Canada,LINC,Self Initiated - Contact Third Party Provider,Working-Age,"Education, Training, and Employment",Government of Canada,"Immigration, Refugees, and Citizenship Canada",145
Skills Link,Skills Link,Self Initiated - Contact Third Party Provider,Working-Age,"Education, Training, and Employment",Government of Canada,Employment and Social Development Canada,146
Work Integrated Learning Opportunities/work placements,Work Placement,Self Initiated - Contact Third Party Provider,Working-Age,"Education, Training, and Employment",Government of Canada,Employment and Social Development Canada,147
Indian Residential Schools Resolution Health Support Program,IRS RHSP,Self Initiated - Contact Administrator,Working-Age,Medical/Health,Government of Canada,First Nations Health Authority,148
Non-Insured Health Benefits Program,NIHB,Self Initiated - Contact Administrator,Working-Age,Medical/Health,Government of Canada,First Nations Health Authority,149
RESP,RESP,Self Initiated - Contact Administrator,Working-Age,"Education, Training, and Employment",Government of Canada,Financial Service provider,150
RDSP ,RDSP ,Self Initiated - Contact Administrator,Working-Age,Financial Supports: Non-Work,Government of Canada,Financial Service provider,151
RRSP,RRSP,Self Initiated - Contact Administrator,Working-Age,Financial Supports: Non-Work,Government of Canada,Financial Service provider,152
TFSA,TFSA,Self Initiated - Contact Administrator,Working-Age,Financial Supports: Non-Work,Government of Canada,Financial Service provider,153
,,Contact Caseworker ,,,Government of Canada,,
Canada Education Savings Grant ,Ed. Savings Grant ,Automatic with Other Self Initiated Application,Working-Age,"Education, Training, and Employment",Government of Canada,Employment and Social Development Canada,154
Canada Education Savings Grant addition,Ed. Savings Grant addition,Automatic with Other Self Initiated Application,Working-Age,"Education, Training, and Employment",Government of Canada,Employment and Social Development Canada,155
Canada Learning Bond,Learning Bond,Automatic with Other Self Initiated Application,Working-Age,"Education, Training, and Employment",Government of Canada,Employment and Social Development Canada,156
Disability Savings Bonds,Disability Savings Bonds,Automatic with Other Self Initiated Application,Working-Age,Financial Supports: Non-Work,Government of Canada,Employment and Social Development Canada,157
Disability Savings Grant,Disability Savings Grant,Automatic with Other Self Initiated Application,Working-Age,Financial Supports: Non-Work,Government of Canada,Employment and Social Development Canada,158
Veteran Exceptional Incapacity Allowance,Veteran Incapacity Allowance,Automatic with Other Self Initiated Application,Working-Age,Financial Supports: Non-Work,Government of Canada,Veterans Affairs Canada,159
Veterans Clothing Allowance,Veteran Clothing Allowance,Automatic with Other Self Initiated Application,Working-Age,Financial Supports: Non-Work,Government of Canada,Veterans Affairs Canada,160
Veteran's Attendance Allowance,Veteran Attendance Allowance,Automatic with Other Self Initiated Application,Working-Age,Financial Supports: Non-Work,Government of Canada,Veterans Affairs Canada,161
Resettlement Assistance Program,Resettlement Assistance,Automatic,Working-Age,Financial Supports: Non-Work,Government of Canada,"Immigration, Refugees, and Citizenship Canada",162
War Veterans Death Benefit,War Vet Death Benefit,Automatic,Senior,Financial Supports: Non-Work,Government of Canada,Veterans Affairs Canada,163
Guaranteed Income Supplement,GIS,Automatic with tax filing,Senior,Financial Supports: Non-Work,Government of Canada,Service Canada,164
Old Age Security Pension,OAS,Automatic with tax filing,Senior,Financial Supports: Non-Work,Government of Canada,Service Canada,165
Child Disability Benefit,Child Dis. Benefit,Automatic with tax filing,Working-Age,Children and Family,Government of Canada,Canada Revenue Agency,166
CWB: general,CWB: general,Automatic with tax filing,Working-Age,Financial Supports: Work-Related,Government of Canada,Canada Revenue Agency,167
CWB: Disability Supplement,CWB: Disability Supp.,Automatic with tax filing,Working-Age,Financial Supports: Work-Related,Government of Canada,Canada Revenue Agency,168
Canada Child Benefit,CCB,Automatic with tax filing,Working-Age,Children and Family,Government of Canada,Canada Revenue Agency,169
GST/HST Credit,GST/HST Cred.,Automatic with tax filing,Working-Age,Financial Supports: Non-Work,Government of Canada,Canada Revenue Agency,170
Canada Training Credit,CTC,Automatic with tax filing,Working-Age,"Education, Training, and Employment",Government of Canada,Canada Revenue Agency,171
Basic Personal Tax Credit,Basic Person. Tax Cred.,Tax filing,Working-Age,Financial Supports: Non-Work,Government of Canada,Canada Revenue Agency,172
Disability Tax Credit,DTC,Tax filing,Working-Age,Financial Supports: Non-Work,Government of Canada,Canada Revenue Agency,173
Medical Expenses Tax Credit,Med Expense Cred.,Tax filing,Working-Age,Medical/Health,Government of Canada,Canada Revenue Agency,174
Western Canada Business Services Network,WBSN,Third Party,Working-Age,"Education, Training, and Employment",Government of Canada,Western Economic Diversification Canada,175
Housing Supply Challenge,Housing Supply,Third Party,Working-Age,Housing,Government of Canada,Canada Mortgage and Housing Corporation,176
Recreation Financial Assistance Programs,Rec. Fee Assist.,Self Initiated - Contact Administrator,Working-Age,Financial Supports: Non-Work,Municipal,Municipality,177