Full Program Name,Program Name,Level Of Government,Administering Agency Full,Administering Agency,Delivery Agency Full,Delivery Agency,Brief Description,Program Type/Target,Cash to In-Kind Spectrum,Method of Access,Mode of Access,Income Tested?,Major Eligibility Conditions,Other Eligibility Conditions,Documents required,T5007 issued?,Is tax filing a requirement?,Taxable income?,2016/2017 Budget,2016/2017 Number of recipients,2017/2018 Budget,2017/2018 Number of recipients,2018/2019 budget,2018/2019 Number of Recipients,2019/2020 Budget,2019/2020 Recipients,2020/2021 budget,2021/2022 budget,2021/2022 Recipients,Website,Notes
Healthy Children Initiative,Healthy Children,Government of Nunavut,Department of Education,Nvt. Education,Department of Education,Nvt. Education,"The Healthy Children Initiative provides funding for communities to develop or improve programs for children aged 0-6, and their families. The programs should highlight early intervention or supportive services for young children",Children and Family,Service,Third Party,,N/A,Childcare facilities,"Licensed child care facilities or other eligible organizations in good standing with Nunavut Legal Registries, such as district education authorities, hamlets, family day homes, and parents-and-tots programs.",,N/A,N/A,N/A,"$908,000 ",32 organizations,,,,,,,,,,https://www.gov.nu.ca/information/healthy-children-initiative,
Training on the Job (LMDA-funded),TOJ,Government of Nunavut,Department of Family Services ,Family Services,Career Development ,Career Development ,"The Training on the Job program provides a wage subsidy to small and medium sized employers to help them hire and train unemployed or under-skilled workers. The training, which can be up to 52 weeks in length, may be delivered on the job site, at an institution or training provider or as a combination of both. The expectation is that the employer hires the trainee at the end of the training period.","Education, Training, and Employment",Service,Third Party,,N/A,Employer,,N/A,N/A,N/A,N/A,,,,,,,,,,,,https://www.gov.nu.ca/family-services/information/training-job-toj,
Summer Employment for Nunavut Students (SENS),SENS,Government of Nunavut,Department of Family Services ,Family Services,Career Development ,Career Development ,"The program targets employers in the private and non-governmental sectors, as well as hamlets, who want to hire youth for the summer. The program provides 50 per cent of the student’s hourly wage, up to $10 per hour. All students receive on-the-job training and mentorship to prepare them for future careers.","Education, Training, and Employment",Service,Third Party,,N/A,Other,"Employers in the private and non-governmental sectors, as well as hamlets, who want to hire youth for the summer.",,N/A,N/A,N/A,,,,,,,,,,,,https://www.gov.nu.ca/family-services/information/summer-employment-nunavut-students-sens-0,
Targeted Labour Market Programs/Tageted Training Intiatives (LMDA-funded),TTI,Government of Nunavut,Department of Family Services ,Family Services,Career Development ,Career Development ,"The Targeted Labour Market program provides funding of up to one year in duration to eligible employers, institutions or training providers to enable Nunavut-based education and/or training for occupations or skills that either are or will be in demand in the near future.","Education, Training, and Employment",Service,Third Party,,N/A,Other,"Organization that provides training in high-demand skills for PwD's, youth at risk, persons with barriers to employment, or persons who are unemployed, underemployed or persistently unemployed.",,N/A,N/A,N/A,,11 organizations,,,,,,,,,,https://www.gov.nu.ca/family-services/information/targeted-labour-market-programs,
Cost of living supplement for single parents,Cost of living credit: single parents,Government of Nunavut,Department of Finance,Nvt. Finance,Canada Revenue Agency,CRA,"Single parents with more than $60,000 in adjusted net income can claim a refundable tax credit",Children and Family,Refundable tax credit,Tax filing ,,Yes,Dependent child(ren),Single parent,,No,Yes,No,,,,,,,,,,,,https://www.gov.nu.ca/finance/information/income-tax,see: https://www.canlii.org/en/nu/laws/stat/rsnwt-nu-1988-c-i-1/latest/rsnwt-nu-1988-c-i-1.html for 2020 ITA
Cost of living tax credit,Cost of living credit,Government of Nunavut,Department of Finance,Nvt. Finance,Canada Revenue Agency,CRA,"Residents can claim a refundable tax credit up to $1,200 to offset the high cost of living in Nunavut",Financial Supports: Non-Work,Refundable tax credit,Tax filing ,,Yes,Other,Must have been a resident of Nunavut at the end of the year. ,,No,Yes,No,,,,,,,,,,,,https://www.gov.nu.ca/finance/information/income-tax,see: https://www.canlii.org/en/nu/laws/stat/rsnwt-nu-1988-c-i-1/latest/rsnwt-nu-1988-c-i-1.html for 2020 ITA
Nunavut basic amount,Nunavut basic amount,Government of Nunavut,Department of Finance,Nvt. Finance,Canada Revenue Agency,CRA,"$16,304 in the 2020 tax year",Financial Supports: Non-Work,Non-refundable tax credit,Tax filing ,,Yes,Other,,,No,Yes,No,,,,,,,,,,,,,
Nunavut Child Benefit,NUCB,Government of Nunavut,Department of Family Services ,Family Services,Canada Revenue Agency,CRA,The Nunavut Child Benefit (NUCB) provides low-income families with monthly payments to assist with the cost of raising children. The NUCB is fully funded by the Government of Nunavut and administered by the Canada Revenue Agency. These benefits are combined with the Canada child benefit into one monthly payment.,Children and Family,Refundable tax credit,Automatic with tax filing,,Yes,Dependent child(ren),Child under the age of 18,,No,Yes,No,"$2,055,000 ",,,,,,,,2055000,2055000,,"https://www.gov.nu.ca/family-services/information/nunavut-child-benefit-nucb
https://www.canada.ca/en/revenue-agency/services/forms-publications/tax-packages-years/archived-general-income-tax-benefit-package-2019/nunavut/5014-pc/information-residents-nunavut.html#P16_509",
Senior Citizen Supplementary Benefit,Senior Supp. Benefit,Government of Nunavut,Department of Family Services ,Family Services,Canada Revenue Agency,CRA,The Senior Citizen Supplementary Benefit (SCSB) is a monthly payment of $300.00 made to low-income seniors in Nunavut. Added to OAS payment.,Financial Supports: Non-Work,Pure Cash Transfer,Automatic with tax filing,,Yes,Senior AND Low Income,60 or older. Receiving federal GIS or Allowance.,,Yes,Yes,No,"$1,382,000 ",555 persons,,,,,,,,"$2,042,000 ",,https://www.gov.nu.ca/family-services/information/senior-citizen-supplementary-benefit-scsb,Part of the larger IA program
Territorial Workers Supplement,TWS,Government of Nunavut,Department of Family Services ,Family Services,Canada Revenue Agency,CRA,"Families who have earned income of more than $3,750 and who have children under 18 years of age, may also get the territorial workers’ supplement of up to: $22.91 per month for one child, $29.16 per month for two or more children. These benefits are combined with the Canada child benefit into one monthly payment.",Financial Supports: Work-Related,Refundable tax credit,Automatic with tax filing,,Yes,Dependent child(ren),"Child under the age of 18. Earned income of at least $3,750.",,No,Yes,No,,,,,,,,,,,,https://www.canada.ca/en/revenue-agency/services/forms-publications/tax-packages-years/archived-general-income-tax-benefit-package-2019/nunavut/5014-pc/information-residents-nunavut.html#P16_509,
Nunavut Health Care Plan,Nunavut Health Care,Government of Nunavut,Department of Health,Nvt. Health,Nunavut Health Insurance Programs Office,Nunavut Health Insurance,The Nunavut Health Care Plan covers the costs of certain doctor and hospital services. Available to all permanent residents of Nunavut.,Medical/Health,Pure In-Kind,Automatic,,No,Other,,,No,No,No,,,,,,,,,,,,https://gov.nu.ca/health/information/nunavut-health-care-plan,
Carbon Rebate,Carbon Rebate,Government of Nunavut,Department of Finance,Nvt. Finance,Department of Finance,Nvt. Finance,"Launched July 2019, the Nunavut Carbon Rebate (NCR) pays half the federal government’s carbon tax on fuel like diesel and gasoline. Consumers in Nunavut pay the other half when they purchase the fuel. Through the NCR, the GN reduces the direct cost of the federal carbon tax that Nunavummiut and their businesses pay at the point of purchase. This is done in recognition that Nunavummiut do not have as many options to lower our use of fossil fuels as other Canadians.",Financial Supports: Non-Work,Pure In-Kind,Automatic ,,No,Other,,,N/A,No,No,,,,,,,,,"8,100,000","5,169,000",,"https://www.gov.nu.ca/finance/information/nunavut-carbon-rebate
https://ryan.com/globalassets/canada-articles/nunavut---faq_carbon_tax.pdf",
Electricity Subsidy Program,Electricity Subsidy,Government of Nunavut,Department of Finance,Nvt. Finance,Department of Finance,Nvt. Finance,"In support of the development of northern business and the encouragement of private home ownership, the Government of Nunavut will provide for equitable power rates. The Nunavut Electricity Subsidy Program (NESP) is designed to provide small commercial enterprises and private residential power consumers, with equitable rates for power consumption. The cost differential for power consumption between Iqaluit rates and those of other Nunavut communities will be paid for by this Contribution Policy, up to specified consumption levels. ",Housing,Pure In-Kind,Automatic ,,No,Homeowner,Homeowner,,N/A,No,No,,,,,,,,,,10938000,,"https://www.gov.nu.ca/sites/default/files/files/NU%20Electricity%20Subsidy%20Program%20Contribution%20Policy.pdf
https://www.gov.nu.ca/sites/default/files/files/NU%20Electricity%20Subsidy%20Program%20Contribution%20Policy.pdf",
Homeless Shelters,Shelters,Government of Nunavut,Uquutaq Society,Uquutaq Society,Uquutaq Society,Uquutaq Society,"There are 3 homeless shelters in Nunavut, all located in Iqaluit: the Men's Homeless Shelter, the Low Barrier Shelter, and Avataq Transitional Housing and affordable housing (the first floor is for shelter stays). ",Housing,Pure In-Kind,Automatic,In-person,No,Homeless/home insecure,Homeless.,,,,,,,,,,,,,,,,,
Family Violence Shelters,Family Violence Shelters,Government of Nunavut,Department of Family Services ,Family Services,Department of Family Services ,Family Services,"For those fleeing violence, there are currently 5 shelters available in Cambridge Bay, Iqaluit, Kugaaruk, Kugluktuk and Rankin Inlet. NTI has recently committed an additional $11 million to the building of 3 more shelters with construction expectd to begin in 2022/23.",Housing,Pure In-Kind,Automatic,In-person,No,Homeless/home insecure,Persons fleeing violence.,,,,,,,,,,,,,,,,"https://www.gov.nu.ca/family-services/programs-services/family-violence
https://www.tunngavik.com/news/inuit-invest-11-million-in-domestic-violence-shelters/",
Getting Ready for Employment and Training (G.R.E.A.T.),G.R.E.A.T.,Government of Nunavut,Department of Family Services ,Family Services,Career Development ,Career Development ,"The GREAT Program is a 14 week training and work experience program for social assistance clients The Income Assistance and Career Development divisions of Family Services partner with Nunavut Arctic College to deliver the program. The program combines 12-weeks of in class training and a 2-week work experience placement with a local employer. The purpose is to help social assistance clients build their skills and confidence to enable them to advance into further training, employment, or onto advanced education.","Education, Training, and Employment",Pure In-Kind,Self Initiated - Contact Administrator,Contact income assistance worker,Yes,Low Income,Receiving IA,,No,No,No,"$562,345 ",75 persons,,,,,,,,,,https://www.gov.nu.ca/family-services/information/getting-ready-employment-and-training-great,"Incentives received from GREAT are not considered income (participants are paid $10/day for a full day of attendence, $700 if they complete the training, and provided breakfast every day)"
Public Housing,Public Housing,Government of Nunavut,Nunavut Housing,Nunavut Housing,Local Housing Organization,Local Housing Organization,"The Public Housing Program is an income tested rental program which provides subsidized housing to tenants based on their income and ability to pay rent. As an income tested program, eligibility for Public Housing is based on the verification of income to meet the community Core Need Income Threshold. The NHC delivers the Public Housing Program in all 25 Nunavut communities through close cooperation with local partners. To ensure that allocation of public housing units is done fairly across the territory; Local Housing Organizations use a point rating system to determine need. Individuals and families interested in applying for public housing should contact their local housing organization to see if they are eligible, and fill out an application. Nunavut is experiencing a housing shortage, and almost all communities have a significant wait-list for public housing allocation.",Housing,Pure In-Kind,Self Initiated - Contact Administrator,,Yes,Low Income,,,No,No,No,,,,,,,210269000,,,"$60,500,000 ",116 new units,http://www.nunavuthousing.ca/publichousing,Note that persons in public housing pay rent. Minimum rent is $60/month. There are also rent ceilings.
Senior Fuel Subsidy,Senior Fuel Subsidy,Government of Nunavut,Department of Family Services ,Family Services,Income Assistance Regional Office,Income Assistance Office,"The Seniors Fuel subsidy program offsets the high cost of home heating fuel to those aged 60 and over who own their own homes. Eligible homeowners are reimbursed for the cost of heating fuel, up to 3,500 litres. Seniors with a total net income up to and including $75,000 may be eligible for a 100 percent fuel subsidy. Seniors with a total net income greater than $75,000 and less than or equal to $100,000 may be eligible for a 50 percent fuel subsidy. Those receiving income assistance are ineligible.",Housing,Cash Geared to Cost,Self Initiated - Contact Administrator,Form to be filled out with IAW - set up meeting.,Yes,Senior AND Homeowner,60 or older. Own and live in home. NOT in receipt of social assistance.,Birth certificate. SIN. Proof of home ownership. CRA NOA.,Uncertain,Yes,No,"$478,000 ",,,,,,,,,,,https://www.gov.nu.ca/family-services/information/senior-fuel-subsidy-sfs,Part of the larger IA program
Income Assistance,IA,Government of Nunavut,Department of Family Services ,Family Services,Income Assistance Regional Office,Income Assistance Office,"The Income Assistance Program is a program of last resort intended to help Nunavut families and individuals meet their basic needs when for various reasons, including disability, illness, low-income or periods of unemployment, when they are unable to provide for themselves.",Financial Supports: Non-Work,Pure Cash Transfer,Self Initiated - Contact Administrator,Contact IAW in-person (book meeting).,Yes,Low Income,Person in need. 18 years or older. Asset tested. Looking for work or engaged in productive activities. Monthly reporting,"SIN. Health care card. Support orders. Proof of income and assets, e.g., bank statements. Proof of other finances.",Yes,Yes,No,"$42,331,631 ","14,952 persons",,,,,,,,"$53,523,000 ",,https://www.gov.nu.ca/family-services/programs-services/income-assistance-ia,I have written an overview that provides more details on eligiblity requirements and documents required
Extended Health Benefits,EHB,Government of Nunavut,Department of Health,Nvt. Health,Nunavut Health Insurance Programs Office,Nunavut Health Insurance,"The Department of Health offers Extended Health Benefits (EHB) to support the health and well-being of Nunavut residents who need additional health care services not covered by the Nunavut Health Care Plan. The EHB is offered to those not covered or fully covered by their third-party insurance like Health Canada’s Non-Insured Health Benefits (NIHB), or employer-provided health plans.EHB is made available for Nunavut residents with a valid Nunavut Health Care Card who are: non-indigenous residents with one of specified conditions, non-indigenous residents who are Seniors, age 65 and older, and all residents who have exhausted their third-party insurance or have no medical travel benefits.",Medical/Health,Pure In-Kind,Self Initiated - Contact Administrator,"Contact delivery agency via email, phone, or fax.",Uncertain,Other,Persons not covered by a third-party health plan nor by NIHB.,Nunavut health care card,No,Uncertain,No,,,,,,,,,,,,https://gov.nu.ca/health/information/health-insurance-extended-health-benefits,
Nunavut Entrepreneurship Incentive (LMDA-funded),NEI,Government of Nunavut,Department of Family Services ,Family Services,Career Development ,Career Development ,"The Nunavut Entrepreneurship Incentive (NEI) provides $5000 ($2500 in two installments) in financial support to new entrepreneurs in Nunavut. Through the program, eligible clients receive career counseling from Career Development Officers (CDO) and business start-up support from designated business development partner consultants.",Financial Supports: Work-Related,Pure Cash Transfer,Self Initiated - Contact Administrator,Contact Career Development Office (CDO) for form. Send completed form to CDO.,No,Other,18 or older. Starting a business. Developed a viable business plan. Valid business license. Confirmation letter from an eligible business development consultant.,Receipts of eligible expenses.,No,No,No,,,,,,,,,,,,https://www.gov.nu.ca/family-services/information/nunavut-entrepreneurship-incentive-nei,
Transitional housing,Transitional housing,Government of Nunavut,Uquutaq Society,Uquutaq Society,Uquutaq Society,Uquutaq Society,Transition houses help men transition out of homelessness into affordable housing. There is one transition house in Nuanavut which opened in October 2020. ,Housing,Pure In-Kind,Self Initiated - Contact Administrator,In-person,Uncertain,Homeless/home insecure,Homeless. Previously in homeless shelter.,,,,,,,,,,,,,,,,https://nunatsiaq.com/stories/article/nunavuts-first-transitional-housing-project-opens-in-iqaluit/,
Nunavut Downpayment Assistance Program (NDAP),NDAP,Government of Nunavut,Government of Nunavut,Nunavut Housing,Nunavut Housing,Nunavut Housing,"Provides financial contributions towards a down payment to assist Nunavummiut in becoming homeowners through purchasing, or constructing, a home. The NDAP contribution is based on 7.5 per cent of the total costs, to a maximum of $30,000",Housing,Cash geared to cost OR Loan,Self Initiated - Contact Administrator,,Yes,Homeowner,19 years or older. Does not currently own residential property and have not owned residential propery in that community in the last 5 years (there are exceptions). Have not received financial help to purchase a home from NHC within last 10 years. No mortgage or rental arrears with any LHO. Approved for a mortgage from the CMHC.,Mortgage. CRA NOA for last 3 years. Statement of assets and liabilities. Credit bureau check. Local credit history. Employment history.,No,Yes,No,,,,,,,"1,157,693",33 applications approved,,,,http://www.nunavuthousing.ca/hoap,There is a fixed budget. Applications are ranked by first come first served
"Nunavummi Disabilities Makinnasuaqtiit Society: Job Coaches, Programs, and Counselling","NDMS: Job coaches, programs, counselling",Government of Nunavut,Nunavummi Disabilities Makinnasuaqtiit Society,NDMS,Nunavummi Disabilities Makinnasuaqtiit Society,NDMS,"The Nunavut Disabilities Makinnasuaqtiit Society (NDMS) is an independent, territory-wide, not-for-profit society based in Iqaluit, Nunavut. NDMS provides job coaches to employers and employees who require additional support. We also offer a comprehensive job coach program to help develop skills and abilities for job coaches across Nunavut. NDMS also provides various programs and counselling. ","Education, Training, and Employment",Pure In-Kind,Self Initiated - Contact Administrator,"Email, mail, or phone administrator",Uncertain,Disability,,,Uncertain,Uncertain,Uncertain,,,,,,,,,,"$100,000 ",,https://nuability.ca/services/,
The Nunavut Solutions Grant,Solutions Grant,Government of Nunavut,Nunavummi Disabilities Makinnasuaqtiit Society,NDMS,Nunavummi Disabilities Makinnasuaqtiit Society,NDMS,"The Nunavut Solutions Grant is a joint project with NDMS, the Rick Hanson Foundation, and the Government of Nunavut. The grant provides funding for those living with a mobility-related disability to access equipment or services that will improve the quality of life for Nunavummiut. $20,000 is assigned to support the unmet needs of Nunavummiut with mobility-related disabilities. In the past, the program granted money to buy mobility aids like wheelchairs and lifts, to renovate homes to make them more accessible, or for support services such as respite care. Eligible projects include the provision of equipment and/or services that increase mobility, physical accessibility, and quality of life.",Financial Supports: Non-Work,Pure In-Kind,Self Initiated - Contact Administrator,"Email, mail, or phone administrator",Uncertain,Disability,,,Uncertain,Uncertain,Uncertain,,,,,,,,,,"$20,000 ",,https://nuability.ca/services/,
Employment Assistance Services (LMDA-funded),EAS,Government of Nunavut,Department of Family Services ,Family Services,Career Development ,Career Development ,"Providing career counselling to Nunavummiut seeking employment each year, Career Development Officers assist hundreds of Nunavummiut with resume writing, job searches, and identifying programs which will aid in the development of skills.","Education, Training, and Employment",Pure In-Kind,Self Initiated - Form,Online form. Send completed form to CDO.,No,Other,Looking for wage employment.,"SIN, health care card",No,Uncertain,No,,,,,,,,,,,,,
Adult Learning and Training Supports (LMDA-funded),ALTS,Government of Nunavut,Department of Family Services ,Family Services,Career Development ,Career Development ,"Provides funding for persons training or upgrading.  ALTS normally only funds training programs that are a year, or less, in duration and that will lead to employment. Generally, training funded under this program falls under two categories: training that directly leads to employment after it is completed and work readiness or upgrading training. There are a number of supports available: Tuition - Up to a maximum of $3,700.00 per calendar year - receipts required. Books and Materials - Up to a maximum of $5,000.00 - receipts required. Special Equipment - Up to a maximum of $5,000.00 - receipts required. Tutoring - Up to a maximum of $5,000.00 - receipts required.Technical training and skill development (allowance) - $400/week. Literacy and Workplace training (allowance) - $300/week. Living away from home allowance - up to $350/bi-weekly - rental/mortgage agreement required. Transportation - airfare to and from training location. Disability supports - up to a maximum of $8,000 per calendar year. Childcare - up to a maximum of $450/month unlicensed or $700/month licensed. ","Education, Training, and Employment",Pure Cash Transfer/Cash geared to cost,Self Initiated - Form,"Form - print and mail, email, fax or return in person to CDO.",Uncertain,Other,Enrolled in training/program not post-secondary or eligible for the FANS program. The institution is recognized or accredited. Full-time student. Will lead to employment in Nunavut.,Bank info (for direct deposit).,No,Uncertain,Uncertain,"$3,363,000 ",436 persons,,,,,,,,,,"https://www.gov.nu.ca/family-services/information/adult-learning-and-training-supports-alts
https://www.canada.ca/en/employment-social-development/corporate/reports/evaluations/labour-market-development-agreement-nunavut.html#h2.2","There is limited funding for this program. Assessed on first come, first serve basis."
Pathway to Adult Secondary School Graduation,PASS,Government of Nunavut,Department of Education,Nvt. Education,Arctic College,Arctic College,The Pathway to Adult Secondary School (PASS) program helps adults over 19 obtain the last few high school courses they need to earn their high school diploma using online learning tools with local in-person support. Funding provided through the Adult Learning and Training Supports (ALTS),"Education, Training, and Employment",Service,Self Initiated - Form,Online application form. Email or mail back to Arctic College,No,Other,Adult learner who has not completed high school,,No,No,No,"$730,000 ","77 students in fall, 65 students in winter",,,,,,,,,,https://arcticcollege.ca/education,"All courses are online and all students are supplied with the necessary supplies to access those courses (e.g., computers, textbooks)"
Adult Basic Education,Adult Basic Education,Government of Nunavut,Department of Education,Nvt. Education,Arctic College,Arctic College,"The Nunavut Arctic College offers an essential skills program that prepares adult students for jobs, high school achievement and further study. It is designed to meet the needs of Nunavut’s adult learners, most often unemployed and living in poverty. Elders are engaged in teaching language and cultural skills and mentoring students. Funding provided through the Adult Learnings and Training Supports (ALTS)","Education, Training, and Employment",Service,Self Initiated - Form,Online application form. Email or mail back to Arctic College.,No,Other,Adult learner,,N/A,N/A,N/A,"$5,748,000 ",157 students,,,,,,,,,,,
Young Parents Stay Learning,Young Parents Learning,Government of Nunavut,Department of Education,Nvt. Education,Department of Education,Nvt. Education,The Young Parents Stay Learning Program is a daycare subsidy program to help young parents with the cost of childcare while the parent attends school.,"Education, Training, and Employment",Pure In-Kind,Self Initiated - Form,Online application Form. Email or mail back.,No,Youth AND Dependent child(ren),Have a child who needs care. Enrolled in a full-time program of study for middle or high school within Nunavut or under the age of 18 years of age and enrolled in a full-time post-secondary program of study within Nunavut. Available child care.,,Uncertain,No,Uncertain,"$170,000 ",63 persons,,,,,,,,,,https://www.gov.nu.ca/young-parents,
Workers Compensation: wage replacement,Workers Comp.: wages,Government of Nunavut,Workers Safety and Compensation Commission,WSCC,Workers Safety and Compensation Commission,WSCC,"For those hurt at work or while harvesting, wage replacement covers  90% of net earnings up to the YMIR, or maximum amount. The WSCC Governance Council sets the YMIR each year.  Additional earnings are included in benefit calculations. Examples of additional earnings are: northern allowance, vacation pay, and bonuses",Financial Supports: Work-Related,Pure Cash Transfer,Self Initiated - Form,Online application. Employer must also report.,Yes,Injured at work,"Worker OR earn 25% of your income from gathering, hunting, or trapping, and have a General Hunting License or are a Nunavut Land Claims Beneficiary. Injured at work.",Workers Report of Injury. Employers Report of Injury. Medical Report. SIN,Yes,Uncertain,No,,,,,,,,,,,,https://www.wscc.nt.ca/sites/default/files/documents/WSCC_WorkerHandbook_ENG_web.pdf,
Financial Assistance for Nunavut Students (FANS),FANS,Government of Nunavut,Department of Education,Nvt. Education,Department of Education,Nvt. Education,"Financial Assistance for Nunavut Students (FANS) is designed to ensure that financial need is not a barrier to higher education. It is for students attending designated post-secondary institutions and academic programs. FANS offers a number of benefits that are intended to help offset the costs of a post-secondary education. There are a number of funding streams under FANS including: basic grant (up to a maximum of $3428 per semester as well as the actual costs of airfare), supplementary grant (for Nunavut Land Claim Beneficiaries to further assist with the costs associated with tuition, travel costs and settling in a new community), primary loan (for 3+ year residents of Nunavut, forgivable if they work in Nunavut after), secondary loan (for new residents of Nunavut, not forgivable), need assessed loan, grant for students with permanent disabilities, and distance/online/correspondence course reimbursements.","Education, Training, and Employment",Cash geared to cost OR Loan,Self Initiated - Form,Online form. Email completed form to FANS.,Varies,Other,"Enroll in a program that is at least twelve weeks in duration and results in a cetificate, diploma, or degree. Full-time student.",SIN. Health care card. Bank info (for direct deposit).,No,No,Yes (T4A),"$6,025,000 ",426 persons,,,,,,,,,,https://www.gov.nu.ca/education/programs-services/financial-assistance-nunavut-students-fans,
Emergency Repair Program (ERP),ERP,Government of Nunavut,Nunavut Housing,Nunavut Housing,Nunavut Housing,Nunavut Housing,"The Emergency Repair Program (ERP) provides assistance to people who own and occupy their home to undertake emergency repairs which pose an imminent threat to occupant health and/or safety, and which are required in order to ensure safe occupancy in their unit. The assistance comes in the form of a grant of up to a maximum amount of $15,000, based on Homeownership Program Income Eligibility (HPIE) numbers. Funded under CMHC's Investment in Affordable Housing Agreements.",Housing,Cash Geared to Cost,Self Initiated - Form,Online form. Email completed form to NHC or print and mail or fax to NHC.,Yes,Homeowner,19 years or older. No rental or mortgage arrears with any LHO. Title to property. Property must be insured. Property must be the prinicpal residence of the applicant. Repairs urgently required as they pose an imminent threat to health/safety.,SIN. House insurance policy. Legal description of property. CRA consent form for last 3 years.,No,Yes,No,,,,,,,"1,079,224",133 applications approved,,,,http://www.nunavuthousing.ca/hoap,There is a fixed budget. Applications are ranked by need.
Heating Oil Tank Replacement Program (HOTRP),HOTRP,Government of Nunavut,Nunavut Housing,Nunavut Housing,Nunavut Housing,Nunavut Housing,"The Heating Oil Tank Replacement Program (HOTRP) provides assistance to homeowners to replace their heating oil tank or associated components, as well as installation, in the form of a grant of up to $7,500 per unit. Where it can be demonstrated that a client does not have access to local skilled labour in their community, and where no other options exist for the delivery of the program, the NHC may cover the travel costs to bring in a contractor to complete the job.

A formal deadline of April 30 of each year has been established for applications. A submission of application before deadline does not guarantee funding. All applications post marked on or before April 30 will be considered at the same time.",Housing,Cash Geared to Cost,Self Initiated - Form,Online form. Email completed form to NHC or print and mail or fax to NHC.,Yes,Homeowner,"19 years or older. Title to property. Property is the principal residence of applicant. Eligilbe repairs - heating oil tank must present an environmental hazard, not up to code, or is at the end of its servicable life.",SIN. House insurance policy. Legal description of property. CRA consent form for last 3 years.,No,Yes,No,,,,,,,"399,815",53 applications approved,,,,http://www.nunavuthousing.ca/hoap,There is a fixed budget per community. Applications are ranked by need.
Home Renovation (Repair) Program (HRP),HRP,Government of Nunavut,Canadian Mortgage and Housing Corporation,Financial Service provider,Nunavut Housing,Nunavut Housing,"The Home Renovation Program (HRP) provides assistance to homeowners who wish to carry out major repairs, renovations and additions to their home to cover cost related to repairs and/or renovation including materials, freight, and labour. The assistance provided can include financial, program, and technical assistance before and during the repair/renovation of the client’s home. The Nunavut Housing (NHC) may also provide programming and technical assistance before and during the construction process.
The NHC will provide a contribution in the form a forgivable loan to cover the cost of materials, freight and labour, to a maximum amount of $65,000, depending on household income, and provided that any amount exceeding $50,000 is used specifically for energy efficient improvements. Funding shall be allocated to homeowners based on a sliding scale. Maximum contribution amounts shall be set relative to household income as a percentage of HPIE limit for their community.
Where an applicant has already received HRP assistance to renovate their home, they may apply for an additional $15,000 to improve the energy efficiency of their dwelling.
Funded under CMHC's Investment in Affordable Housing Agreements.",Housing,Cash geared to cost OR Loan,Self Initiated - Form,Online form. Email completed form to NHC or print and mail or fax to NHC.,Yes,Homeowner,"19 years or older. No rental or mortgage arrears with any LHO. Title to property. Property at least 5 years old. Property is innsured and prinicipal residence of applicant. Eligible repair: health and safety, suitability improvement, energy efficiency, improvements to extend life of the unit, other. Repairs must be approved by NHC before commencement.",SIN. House insurance policy. Legal description of property. CRA consent form for last 3 years.,No,Yes,No,,,,,,,"2,213,766",44 applications approved,,,,http://www.nunavuthousing.ca/hoap,There is a fixed budget. Applications are ranked by need.
Senior and Persons with Disabilities Preventative Maintenance Program (SPDPMP),SPDPMP,Government of Nunavut,Nunavut Housing,Nunavut Housing,Nunavut Housing,Nunavut Housing,"The Seniors (60+) and Persons with Disabilities Preventative Maintenance Program (SPDPMP) assists eligible homeowners for the purpose of carrying out preventative maintenance and minor repairs. NHC will provide a contribution in the form of a grant to cover materials, freight and labour, to a maximum amount of $3,000 annually. The NHC will arrange for preventative maintenance and minor repairs on behalf of eligible homeowners in order to:
Ensure the client’s continued safe occupancy
Extend the service life of building systems
Reduce the number of emergency repairs required due to lack of preventative maintenance
Assist seniors and persons with a disability in overcoming obstacles to continued homeownership",Housing,Cash Geared to Cost,Self Initiated - Form,Online form. Email completed form to NHC or print and mail or fax to NHC.,Yes,Senior AND Homeowner,"60 years or older or person with disability. No rental or mortgage arrears with any LHO. Title to property. Home must be insured and be the principal residence of the applicant. Eligible repairs: preventative maintenance such as servicing of air furnances, or minor repairs such as brokn window glass.",Poof of home insurance. Legal description of property. CRA consent form for last 3 years,No,Yes,No,,,,,,,"22,389",15 applications approved,,,,http://www.nunavuthousing.ca/hoap,There is a fixed budget. Applications are ranked by need.
Senior Citizens' Home Repair Program (SCHRP),SCHRP,Government of Nunavut,Nunavut Housing,Nunavut Housing,Nunavut Housing,Nunavut Housing,"The Senior Citizen Home Repair Program (SCHRP) provides assistance to senior citizens (60+) throughout Nunavut who need to repair and/or adapt their homes in order to ensure their continued safe occupancy, and/or to assist with difficulties they encounter with daily living activities. The assistance comes in the form of a grant, to a maximum amount of $15,000, plus freight costs.",Housing,Cash Geared to Cost,Self Initiated - Form,Online form. Email completed form to NHC or print and mail or fax to NHC.,Yes,Senior AND Homeowner,"60 years or older. No rental or mortgage arrears with any LHO. Title to property. House at least 5 years old, insured, and prinicipal residence of applicant. Eligible repair: health/safety, adaptations for daily living, energy efficiency, other.",Poof of home insurance. Legal description of property. CRA consent form for last 3 years,No,Yes,No,,,,,,,"169,325",17 applications approved,,,,http://www.nunavuthousing.ca/hoap,There is a fixed budget. Applications are ranked by need.
Workers Compensation: medical,Workers Comp.: medical,Government of Nunavut,Workers Safety and Compensation Commission,WSCC,Workers Safety and Compensation Commission,WSCC,"For those hurt at work or while harvesting, WSCC covers medical costs for treatments related to the injury.",Financial Supports: Work-Related,Pure In-Kind,Self Initiated - Form,"Online form. Email, mail, or fax to WSCC.",No,Injured at work,"Worker OR earn 25% of your income from gathering, hunting, or trapping, and have a General Hunting License or are a Nunavut Land Claims Beneficiary. Injured at work.",Workers Report of Injury. Employers Report of Injury. Medical Report. SIN,Uncertain,Uncertain,No,,,,,,,,,,,,https://www.wscc.nt.ca/sites/default/files/documents/WSCC_WorkerHandbook_ENG_web.pdf,
Workers Compensation: permanent disaiblity,Workers Comp.: disability,Government of Nunavut,Workers Safety and Compensation Commission,WSCC,Workers Safety and Compensation Commission,WSCC,"For those hurt at work or while harvesting and who sustain a permanent disability, a disability pension is given whether the person returns to work or not. These ar emonthly payments and the amount is dependent on earnings prior to injury and the percentage of disability assessed. For workers or harvesters who die at work, their spouse and dependents receive the pension.",Financial Supports: Work-Related,Pure Cash Transfer,Self Initiated - Form,"Online form. Email, mail, or fax to WSCC.",No,Injured at work,"Worker OR earn 25% of your income from gathering, hunting, or trapping, and have a General Hunting License or are a Nunavut Land Claims Beneficiary. Injured at work resulting in permanent disability or death.",Workers Report of Injury. Employers Report of Injury. Medical Report. SIN,Yes,Uncertain,No,,,,,,,,,,,,https://www.wscc.nt.ca/sites/default/files/documents/WSCC_WorkerHandbook_ENG_web.pdf,
Senior Citizens and People with Disabilities Property Tax Relief Program,Senior & PwD's Property Tax Relief ,Government of Nunavut,Department of Finance,Nvt. Finance,Department of Finance,Nvt. Finance,People with disabilities and senior citizens are eligible to apply for property tax relief in each taxation year to be considered exempt.,Housing,Pure In-Kind,Self Initiated - Form,Online form. Print and mail completed form to Department of Finance.,No,Senior AND Homeowner,65 years or older OR a person with a disability,If PWD - medical certificate OR recieivng CPP-D or Workers Compensation or disability under the War Veterans Allowance Act,No,No,No,,,,,,,,,,,,,
Daycare Subsidy,Daycare Subsidy,Government of Nunavut,Department of Family Services ,Family Services,Income Assistance Regional Office,Income Assistance Office,The Daycare Subsidy is available to provide financial support to low-income families who reside in Nunavut to help make child care more affordable while they pursue education or training opportunities outside the home.,Children and Family,Pure In-Kind,Self Initiated - Form,Recieve form from IAW or licensed child care facility. Pesumably hand it back to same - unclear.,Yes,Dependent child(ren),18 years or older. Child under the age of 12. Employed or enrolled in a training or education program.,"Proof of day care expenses. Proof of employment/training/education. Proof of income(e.g., pay stub). Proof of living expenses (e.g., utility bill).",Uncertain,Uncertain,Uncertain,"$502,000 ",66 families,,,,,,,,,,https://www.gov.nu.ca/family-services/information/daycare-subsidy-ds,"Part of the larger IA program. For regulatd service providers, the subsidy is paid direct to the service provider. For unregulated service providers, the subsidy is paid to the parents."
Seniors and Persons with Disabilities Housing Options Program (SPDHOP),SPDHOP,Government of Nunavut,Nunavut Housing,Nunavut Housing,Nunavut Housing,Nunavut Housing,"The Seniors and Persons with Disabilities Housing Options Program allows Elders and Persons with Disabilities for whom owning and maintaining a home has become burdensome, to transfer their home to someone in public housing (or on the public housing waitlist) that can afford the ongoing costs of homeownership. When no transferee can be identified, clients may sell their home to the NHC.",Housing,Favorable purchase/sale terms,Self Initiated - Form,,Yes,Senior AND Homeowner,60 or older or recieivng a disability benefit. Insufficient financial resources to afford the ongoing and rising cost of operating and maintaining their home. Title to property. Principal residence of applicant (with exceptions).,,No,Yes,No,,,,,,,0,0,,,,http://www.nunavuthousing.ca/hoap,This isn't really a cash transfer or an in-kind program. Basically just allows seniors and PwD's to sell their privatly-owned house to NHC so that it becomes public housing so they don't have to deal with the maintenance.
Tenant To Owner Program (TOP),TOP,Government of Nunavut,Nunavut Housing,Nunavut Housing,Nunavut Housing,Nunavut Housing,The objective of the Tenant to Owner Program (TOP) is to assist tenants in NHC public housing with an opportunity to become homeowners. The TOP allows public housing tenants who are in good standing with the Local Housing Organization (LHO) to purchase a suitable public housing unit that the NHC and the LHO have approved for sale.,Housing,Favorable purchase/sale terms,Self Initiated - Form,,Yes,Other,19 years or older. Current tenant of NHC. Sufficient income to pay all ongoing mortgage/loan and operating costs of the unit. No rental or mortgage arrears with any LHO. Principal residence of applicant. Approval of NHC for sale. Unit must be at least 15 years old and have its own meter.,Mortgage. CRA NOA for last 3 years. Offer of purchase.,No,Yes,No,,,,,,,0,0,,,,http://www.nunavuthousing.ca/hoap,This isn't really a cash transfer or an in-kind program. Basically just converts public housing into privatly-owned housing. Th house must be at least 15 years old…
Harvesters Support Grant,Harvesters Support,Government of Canada,Crown-Indigenous Relations and Northern Affairs Canada,CIRNAC,Crown-Indigenous Relations and Northern Affairs Canada,CIRNAC,"Developed in direct collaboration with Indigenous partners to increase their access to traditional foods by reducing the high costs associated with traditional hunting and harvesting. The grant supports the complete range of harvesting activities and traditions, from community decision making to ceremony and celebration of the harvest. It respects the inherent hunting and harvesting rights of Indigenous peoples in Canada. It provides $40 million over 5 years, and $8 million per year ongoing, to Indigenous governments and organizations representing eligible Nutrition North Canada communities. For communities with settled land claims, grant funding is being provided to land claim organizations. These organizations will decide how the grant is spent and how harvesting support programs are administered.",Financial Supports: Non-Work,Service,Third Party,,No,Nunavut Agreement,Part of land claims agreement,,No,No,No,,,,,,,,,,"$14,885,000 ",,https://www.nutritionnorthcanada.gc.ca/eng/1586274027728/1586274048849,*Part of the Nutrition North program. Money is distributed over 5 years. Looks like this money is probably used to fund the NTI havester programs.
Youth Employment and Skill Strategy,YESS,Government of Canada,Employment and Social Development Canada,ESDC,Employment and Social Development Canada,ESDC,"The Youth Employment and Skills Strategy (YESS) is a new, integrated strategy, which aims to provide flexible and holistic services to support all young Canadians develop the skills and gain paid work experience to successfully transition in the labour market. The YESS has been redesigned to respond to a range of labour market challenges faced by youth, particularly for those facing barriers to employment. The Skills Link, Career Focus, and Summer Work Experience (excluding Canada Summer Jobs) programs that were previously under the Youth Employment Strategy umbrella have been merged into one integrated strategy.

The Youth Employment and Skills Strategy (YESS) program will provide up to $600M in funding to organizations to deliver a range of activities that help youth overcome barriers to employment and develop a broad range of skills and knowledge in order to participate in the current and future labour market. Support will be tailored to the needs of youth that are facing barriers to employments.","Education, Training, and Employment",Service,Third Party,Submit proposal online,No,Youth,"Must be one of: not-for-profit organizations, municipal governments, Indigenous organizations (including: incorporated for-profit and not-for-profit Indigenous controlled organizations, Indigenous controlled unincorporated associations, Indian Act bands, tribal councils and Indigenous self-government entities, for-profit organizations, o provincial and territorial governments, institutions, agencies and Crown. Pograms must be: for persons b etween the ages of 15 and 30 (inclusive) at the time of intake/selection who are legally entitled to work according to the relevant provincial/territorial legislation and regulations and in need of assistance to overcome employment barriers.",Proposal,N/A,N/A,N/A,,,,,,,,,,,,https://www.canada.ca/en/employment-social-development/services/funding/youth-employment-skills-strategy-program.html,
Nutrition North,Nutrition North,Government of Canada,Crown-Indigenous Relations and Northern Affairs Canada,CIRNAC,Crown-Indigenous Relations and Northern Affairs Canada,CIRNAC,"NNC subsidizes a list of nutritious eligible foods, as well as certain non-food items such as diapers and soap, hand-sanitizers and personal hygiene products, sold by registered retailers, suppliers, and country food processors. Subsidy is provded to food retailers and transportation services to reduce the shelf price of food. ",Financial Supports: Non-Work,Pure In-Kind,Third Party,,No,Northern Resident,Purchase eligible goods in eligible communities,,No,No,No,,"38,124,424",,,"39,651,316",,,,,,,https://www.nutritionnorthcanada.gc.ca/eng/1415538638170/1415538670874,
Housing Internship for First Nation and Inuit Youth,HIIFNIY,Government of Canada,Employment and Social Development Canada,ESDC,Canada Mortgage and Housing Corporation,CMHC,This program provides financial assistance to help First Nations and Inuit businesses and organizations create housing-related internships for youth. These internships can provide much-needed work experience and on-the-job training to youth.,"Education, Training, and Employment",Service,Third Party,,No,Indigenous,"Indigenous or non-Indigenous organization, NFP, government, or business involved in housing. Hire and train Indigenous youth.",,No,No,Yes,,,,,,,,,,,,https://www.cmhc-schl.gc.ca/en/professionals/industry-innovation-and-leadership/industry-expertise/indigenous-housing/housing-internship-initiative-for-first-nation-and-inuit-youth-hiifniy,
Basic Personal Tax Credit,Basic Personal Tax Credit,Government of Canada,Department of Finance,Finance,Canada Revenue Agency,CRA,"The basic personal tax credit is a non-refundable tax credit every Canadian resident is entitled to claim on his or her income tax return. It is the amount of income that can be earned before paying any federal income tax multiplied by the tax rate for the lowest tax bracket. This amount changes year to year in order to keep up with inflation. It was $13,229 in 2020 tax year.",Financial Supports: Non-Work,Non-refundable tax credit,Tax filing ,"Online, third-party, OR print and mail paper form",Yes,Other,,,No,Yes,No,,,263031000,"22,620",,,,,,,,,
Disability Tax Credit,DTC,Government of Canada,Department of Finance,Finance,Canada Revenue Agency,CRA,The disability tax credit (DTC) is a non-refundable tax credit that helps persons with disabilities or their supporting persons reduce the amount of income tax they may have to pay.,Financial Supports: Non-Work,Non-refundable tax credit,Tax filing ,,No,Disability,,,No,Yes,No,,,,,,,,,,,,,
Northern Residents Deduction,Northern Residents,Government of Canada,Department of Finance,Finance,Canada Revenue Agency,CRA,"The northern residents deductions consists of a residency deduction (for living costs) and a deduction for travel benefits. These deductions provide relief to those who live in a prescribed zone and recognize that such individuals are often faced with a higher cost of living, environmental hardships, and limited access to services. The deduction is $11/day lived in Nunavut (within tax year) plus an additional $11/day for persons maintainint and living in a dwelling on their own.",Financial Supports: Non-Work,Tax Deduction,Tax filing ,,No,Northern Resident,Resided in Nunavut for at least 6 consecutive months of the 12 months of the tax year,,No,Yes,No,,,77143000,"10,650",,,,,,,,https://www.canada.ca/en/revenue-agency/services/tax/individuals/topics/about-your-tax-return/tax-return/completing-a-tax-return/deductions-credits-expenses/line-25500-northern-residents-deductions.html,
Northern Residents Deduction: Travel Benefits,Northern Residents: Travel,Government of Canada,Department of Finance,Finance,Canada Revenue Agency,CRA,Allows northern residents to claim a deduction for travel benefits for expenses  incurred to travel or the value of travel provided by their employer.,Financial Supports: Non-Work,Tax Deduction,Tax filing ,,No,Northern Resident,Eligible for the Northern Residents Deduction. Taxable travel benefits. Employer is at arms length.,,,,,,,,,,,,,,,,,
Medical Expenses Tax Credit,Medical Expense Credit,Government of Canada,Department of Finance,Finance,Canada Revenue Agency,CRA,The medical expense tax credit is a non-refundable tax credit for healthcare expenses paid.,Medical/Health,Non-refundable tax credit,Tax filing ,,Yes,Other,Eligible medical expenses.,"Receipts, perscriptions, and/or certifications.",No,Yes,No,,,974000,410,,,,,,,,,
Canada Child Benefit,CCB,Government of Canada,Department of Finance,Nvt. Finance,Canada Revenue Agency,CRA,The Canada child benefit (CCB) is a tax free monthly payment made to eligible families to help them with the cost of raising children under 18 years of age.,Children and Family,Refundable tax credit,Automatic with tax filing,,Yes,Dependent child(ren),,,No,Yes,No,,,,,,,"$61,150 ","6,210",,,,,
Child Disability Benefit,Child Disability Benefit,Government of Canada,Department of Finance,Nvt. Finance,Canada Revenue Agency,CRA,The child disability benefit is a tax-free monthly payment made to families who care for a child under age 18 with a severe and prolonged impairment in physical or mental functions.,Children and Family,Refundable tax credit,Automatic with tax filing,,Yes,Dependent child(ren) AND Disability,Dependent child(ren) with a disability. Eligible for the Disability Tax Credit and the Canada Child Benefit.,,No,Yes,No,,,,,,,,,,,,,
Canada Training Credit,Canada Training Credit,Government of Canada,Department of Finance,Nvt. Finance,Canada Revenue Agency,CRA,"To help Canadians with the cost of training fees. Eligible workers between the ages of 25 and 64 accumulate a credit balance at a rate of $250 per year, up to a lifetime limit of $5,000. The credit can be used to refund up to half the costs of taking a course or enrolling in a training program.","Education, Training, and Employment",Pure In-Kind,Automatic with tax filing,,Yes,Other,Must be employed to earn credit. Must have tuition or couse fees to use credit.,,No,Yes,No,,,,,,,,,,,,,
GST/HST Credit,GST/HST Credit,Government of Canada,Department of Finance,Finance,Canada Revenue Agency,CRA,The GST/HST credit is a tax-free quarterly payment that helps individuals and families with low and modest incomes offset all or part of the GST or HST that they pay,Financial Supports: Non-Work,Refundable tax credit,Automatic with tax filing,,Yes,Low Income,,,No,Yes,No,4459000,"8,600",,,,,,,,,,,
Old Age Security Pension,OAS,Government of Canada,Employment and Social Development Canada,ESDC,Service Canada,Service Canada,The Old Age Security (OAS) pension is a monthly payment available to seniors aged 65 and older who meet the Canadian legal status and residence requirements,Financial Supports: Non-Work,Pure Cash Transfer,Automatic with tax filing,,Yes,Senior,65 years or older. Resided in Canada for at least 10 years since the age of 18.,SIN. Banking info (for direct deposit).,No,Yes,Yes,,,"2,943,202","4,923",,,,,,,,https://www.canada.ca/en/services/benefits/publicpensions/cpp/old-age-security/while-receiving.html,
Guaranteed Income Supplement,GIS,Government of Canada,Employment and Social Development Canada,ESDC,Service Canada,Service Canada,The Guaranteed Income Supplement (GIS) provides a monthly non-taxable benefit to Old Age Security (OAS) pension recipients who have a low income and are living in Canada,Financial Supports: Non-Work,Pure Cash Transfer,Automatic with tax filing,,Yes,Senior AND Low Income,Eligible for OAS.,SIN. Banking info (for direct deposit).,No,Yes,No,,,"1,000,660",1765,,,,,,,,https://www.canada.ca/en/services/benefits/publicpensions/cpp/old-age-security/guaranteed-income-supplement.html,
CWB: Disability Supplement,CWB: Disability Supp.,Government of Canada,Department of Finance,Finance,Canada Revenue Agency,CRA,The Canada Workers Benefit is a refundable tax credit that is intended to supplement the earnings of low income workers and improves work incentives for low-income Canadians. The CWB: Disability tops up the CWB for persons with disabilities.,Financial Supports: Work-Related,Refundable tax credit,Automatic with tax filing,,Yes,Disability AND Low Income,"Employed. Earning at least $1,500/year. Low-income. Eligible for the Disability Tax Credit.",,No,Yes,No,,,,,,,,,,,,,
CWB: general,CWB: general,Government of Canada,Department of Finance,Finance,Canada Revenue Agency,CRA,The Canada Workers Benefit is a refundable tax credit that is intended to supplement the earnings of low income workers and improves work incentives for low-income Canadians,Financial Supports: Work-Related,Refundable tax credit,Automatic with tax filing,,Yes,Low Income,"Employed. Earning at least $3,000/year. Low-income.",,No,Yes,No,,,"1,702,000","3,540",,,,,,,,,
Canada Education Savings Grant ,CESG,Government of Canada,Employment and Social Development Canada,ESDC,Employment and Social Development Canada,ESDC,The Canada Education Savings Grant (CESG) is money that the Government adds to a Registered Education Savings Plan (RESP). This money helps to pay the costs of a child’s full- or part-time studies after high school ,"Education, Training, and Employment",Pure Cash Transfer,Automatic with Other Self Initiated Application,In-person,No,Dependent child(ren),Dependent child(ren) and an RESP account,SIN. Banking info.,No,No,No,,,,,,,,,,,,https://www.canada.ca/en/services/benefits/education/education-savings/savings-grant.html,
Canada Education Savings Grant addition,CESG-A,Government of Canada,Employment and Social Development Canada,ESDC,Employment and Social Development Canada,ESDC,The Additional amount of CESG is available to eligible children from middle- and low-income families. ,"Education, Training, and Employment",Pure Cash Transfer,Automatic with Other Self Initiated Application,In-person,Yes,Dependent child(ren),Dependent child(ren) and an RESP account,SIN. Banking info.,No,No,No,,,,,,,,,,,,https://www.canada.ca/en/services/benefits/education/education-savings/savings-grant.html,
Canada Learning Bond,CLB,Government of Canada,Employment and Social Development Canada,ESDC,Employment and Social Development Canada,ESDC,The Canada Learning Bond (CLB) is money that the Government adds to a Registered Education Savings Plan (RESP) for children from low-income families. This money helps to pay the costs of a child’s full- or part-time studies after high school ,"Education, Training, and Employment",Pure Cash Transfer,Automatic with Other Self Initiated Application,In-person,Yes,Dependent child(ren),Dependent child(ren) and low-income and an RESP account,SIN. Banking info.,No,No,No,,,,,,,,,,,,https://www.canada.ca/en/employment-social-development/services/learning-bond.html,
Disability Savings Grant,Disability Savings Grant,Government of Canada,Employment and Social Development Canada,ESDC,Employment and Social Development Canada,ESDC,Individuals with an RDSP can apply for a Canada Disability Savings Grant or Bond. The Canada Disability Savings Grant is a matching grant of up to 300% depending on the beneficiary's family income and contribution,Financial Supports: Non-Work,Pure Cash Transfer,Automatic with Other Self Initiated Application,In-person,Yes,Disability,Persons with disabilities who qualify for the Disability Credit. RDSP.,SIN.,No,Yes,No,,,,139,,,,,,,,,
Disability Savings Bonds,Disability Savings Bonds,Government of Canada,Employment and Social Development Canada,ESDC,Employment and Social Development Canada,ESDC,Individuals with an RDSP can apply for a Canada Disability Savings Grant or Bond. The Canada Disability Savings Bond is a government contribution to the Registered Disability Savings Plans (RDSPs) of low and modest income Canadians.,Financial Supports: Non-Work,Pure Cash Transfer,Automatic with Other Self Initiated Application,In-person,Yes,Disability AND Low Income,Persons with disabilities who qualify for the Disability Credit. Low Income. RDSP. ,SIN.,No,Yes,No,,,,144,,,,,,,,,
Non-Insured Health Benefits Program,NIHB,Government of Canada,Indigenous Services Canada,Indigenous Services,First Nations Health Authority,First Nations Health Authority,"The Non-Insured Health Benefits Program provides eligible First Nations and Inuit with coverage for a specified range of medically necessary health-related goods and services when not covered through private insurance plans or provincial/territorial health and social programs. The program provides coverage for the following medically necessary goods and services: vision care, dental care, mental health counselling, medical supplies and equipment, prescription and over-the-counter medications, medical transportation to access medically required health services not available on reserve or in the community of residence. Persons in Nunavut who are part of the Land Claims Agreement are automatically registered when they apply for their Territorial Health Care Card.",Medical/Health,Pure In-Kind,Automatic with Other Self Initiated Application,,Yes,Indigenous,Indigenous—recognized by Inuit Land Claim Association or a registered First Nations person.,Health care card. ,No,No,No,,,,,,,"142,961,000","35,914 persons eligible as of March 2020.",,,,"https://www.sac-isc.gc.ca/eng/1576790320164/1576790364553
https://www.sac-isc.gc.ca/eng/1585310583552/1585310609830",
RESP,RESP,Government of Canada,Employment and Social Development Canada,ESDC,Financial Service provider,Financial Service provider,Savings account for education.,"Education, Training, and Employment",Voluntary Savings,Self Initiated - Contact Administrator,In-person,No,Dependent child(ren),,SIN. Banking info.,No,No,No,,,,,,,,,,,,https://www.canada.ca/en/services/benefits/education/education-savings/resp.html,
RRSP,RRSP,Government of Canada,Department of Finance,Finance,Financial Service provider,Financial Service provider,Savings account for retirement.,Financial Supports: Non-Work,Voluntary Savings,Self Initiated - Contact Administrator,In-person,No,Other,,SIN. Banking info.,No,No,No,,,,,,,,,,,,https://www.canada.ca/en/revenue-agency/services/tax/individuals/topics/rrsps-related-plans/registered-retirement-savings-plan-rrsp.html,
TFSA,TFSA,Government of Canada,Department of Finance,Finance,Financial Service provider,Financial Service provider,Tax free savings account,Financial Supports: Non-Work,Voluntary Savings,Self Initiated - Contact Administrator,In-person,No,Other,,SIN. Banking info.,No,No,No,,,,,,,,,,,,,
RDSP ,RDSP,Government of Canada,Employment and Social Development Canada,ESDC,Financial Service provider,Financial Service provider,Savings account for persons with a disability.,Financial Supports: Non-Work,Voluntary Savings,Self Initiated - Contact Administrator,In-person,No,Disability,Must be eligible for the Disability Tax Credit.,SIN. Banking info.,No,No,No,,,,262,,,,,,,,https://www.canada.ca/en/employment-social-development/programs/disability/savings/rdsp.html,
Indian Residential Schools Resolution Health Support Program,IRS RHSP,Government of Canada,Health Canada,Health Can.,First Nations Health Authority,First Nations Health Authority,"The Indian Residential Schools Resolution Health Support Program (IRS RHSP) provides mental health, emotional and cultural support services to eligible former Indian Residential School students and their families throughout all phases of the Indian Residential School Settlement Agreement. Includes: cultural supports (provided by local Indigenous organizations who coordinate the services of Elders or traditional healers. Specific services are chosen by the former student or family member and can include traditional healing, ceremonies, teachings and dialogue.), emotional supports (Services are provided by local Indigenous organizations and are designed to help former students and their families safely address issues related to the negative impacts of the Indian Residential Schools as well as the disclosure of abuse during the Settlement Agreement process.), professional counselling (psychologists and social workers that are registered with Indigenous Services Canada, for individual or family counselling. A professional counsellor will listen, talk and assist individuals to find ways of healing from Indian Residential School experiences.), and transportation (to access services).",Medical/Health,Pure In-Kind,Self Initiated - Contact Administrator,Phone call,No,Indigenous,All suvivors of residential schools and their families (regardless of Indigenous status).,,No,No,No,,,,,,,,,,,,https://www.sac-isc.gc.ca/eng/1581971225188/1581971250953,
First Nation & Inuit post-secondary student support program,PSSSP,Government of Canada,Indigenous Services Canada,Indigenous Services,Indigenous Services Canada,Indigenous Services,The program aims to improve the employability of First Nations and eligible Inuit students by providing them with funding to access education and skills development opportunities at the post-secondary level.,"Education, Training, and Employment",Cash Geared to Cost,Self Initiated - Contact Administrator,Contact local band office or ISC regional offic,No,Indigenous,Indigenous. Attending/will be attending post-secondary.,,No,Uncertain,Uncertain,,,,,,,,,,,,,
Education and Training Benefit (Veterans),Education & Training,Government of Canada,Veterans Affairs Canada,Veterans Affairs,Veterans Affairs Canada,Veterans Affairs,Helps in financing veteran's education,"Education, Training, and Employment",Cash Geared to Cost,Self Initiated - Form,Online application OR print and mail paper form OR in-person,No,Veteran or Canadian Armed Forces,Education plan,,No,No,Yes,,,,,,,,,,,,,
The Inuit Learning and Development Program,ILDP,Government of Canada,Canadian Northern Economic Development Agency,Canadian Northern Econ. Develop.,Canadian Northern Economic Development Agency,Canadian Northern Econ. Develop.,The Inuit Learning and Development Program (ILDP) is a pre-employment and job training initiative aimed at helping Nunavut Inuit develop skills for potential jobs in the federal public service in Nunavut. The ILDP is a 16 month program consisting of four paid work placements lasting four months each. The objective of each work placement is to assign participants to a Government of Canada department or agency that aligns with their personal interests and career objectives. The majority of work placements are based in Iqaluit. ,"Education, Training, and Employment",Service,Self Initiated - Form,Email administrator,No,Indigenous,Indigenous—recognized by Inuit Land Claim Association,,No,No,Yes,,,,,,,,,,,,https://www.cannor.gc.ca/eng/1386010541881/1386010818127,
Aboriginal Leadership Opportunities Year,ALOY,Government of Canada,Department of National Defence,National Defence,Royal Military College of Canada,RMC,"One-year program at RMC designed to provide students of Indigenous heritage with individual, group, and cultural experiences that will help build leadership and life skills.","Education, Training, and Employment",Pure In-Kind,Self Initiated - Form,Online application,No,Indigenous,"Indigenous—status, non-status, land claim. 16 years or older. Completed Grade 12, Secondary V, or the GED in the current academic year.",,No,No,No,,,,,,,,,,,,,
Veteran's Benefits,Veteran's Benefits,Government of Canada,Veterans Affairs Canada,Veterans Affairs,Veterans Affairs Canada,Veterans Affairs,There are a number of veterans and war veterans benefits to help those injured in service and those expereincing unemployment or low income. ,Financial Supports: Non-Work,Varies,Self Initiated - Form,Online application,Varies,Veteran or Canadian Armed Forces ,Varies,,,,,,,,,,,,,,,,https://www.veterans.gc.ca/eng/financial-support,
GST/HST New Housing Rebate,New Housing Rebate,Government of Canada,Employment and Social Development Canada,ESDC,Canada Revenue Agency,CRA,"The GST/HST new housing rebate allows an individual to recover some of the goods and services tax (GST) or the federal part of the harmonized sales tax (HST) paid for a new or substantially renovated house that is for use as the individual's, or their relation's, primary place of residence, when all of the other conditions are met. ",Housing,Bill Refund,Self Initiated - Form,Online application,No,Homeowner,"Purchased new or substantially renovated housing from a builder OR constructed or substantially renovated your own home or hired someone else to construct or substantially renovate your home for use as your (or your relation’s) primary place of residence if the house price is less than $450,000 when complete.",SIN. Legal desciption of house. Receipts/invoices.,No,No,No,,,,,,,,,,,,https://www.canada.ca/en/revenue-agency/services/tax/businesses/topics/gst-hst-businesses/charge-collect-home-construction/new-housing-rebate.html,
Employment Insurance: maternity and parental,EI: maternity & Parental,Government of Canada,Employment and Social Development Canada,ESDC,Service Canada,Service Canada,"Employment Insurance maternity and parental benefits provide financial assistance to people who are away from work because they're pregnant or have recently given birth, or parents who are away from work to care for their newborn or newly adopted child",Financial Supports: Work-Related,Pure Cash Transfer,Self Initiated - Form,Online application (MyService Canada account) ,Yes,Dependent child(ren),Pregnant or new child,SIN. Banking info (for direct deposit). ROE. Medical certificate (maternity).,No,No,Yes,,,,,X (not available),,X (not available),,,,,,
Employment Insurance: family supplement,EI: family supp.,Government of Canada,Employment and Social Development Canada,ESDC,Service Canada,Service Canada,"If it is determined that your net family income is $25,921 or less per year, that you have children, and that you or your spouse receives the Canada Child Benefit, you are considered a member of a low-income family and may be eligible to receive the EI Family Supplement",Financial Supports: Work-Related,Pure Cash Transfer,Self Initiated - Form,Online application (MyService Canada account) ,Yes,Dependent child(ren) AND Low Income,,SIN. Banking info (for direct deposit). ROE.,No,No,Yes,,,,,Included in Regular Benefits,,Included in Regular Benefits,,,,,,
Employment Insurance (EI): regular benefits,EI: Regular,Government of Canada,Employment and Social Development Canada,ESDC,Service Canada,Service Canada,"Employment Insurance (EI) provides regular benefits to individuals who lose their jobs through no fault of their own (for example, due to shortage of work, seasonal or mass lay-offs) and are available for and able to work, but can't find a job.",Financial Supports: Work-Related,Pure Cash Transfer,Self Initiated - Form,Online application (MyService Canada account) ,Yes,Other,Previously employed in insurable employment. Have worked the required amount of insurable employment hours. Lost job through no fault of own. ,SIN. Banking info (for direct deposit). ROE.,No,No,Yes,,,,,13922310,,12231190,,,,,,
Employment Insurance: caregiving benefits (adult and/or child(ren)),EI: caregiving,Government of Canada,Employment and Social Development Canada,ESDC,Service Canada,Service Canada,"Through Employment Insurance, you could receive financial assistance of up to 55% of your earnings, to a maximum of $562 a week. These benefits will help you take time away from work to provide care or support to a critically ill or injured person or someone needing end-of-life care.",Financial Supports: Work-Related,Pure Cash Transfer,Self Initiated - Form,Online application (MyService Canada account) ,Yes,Other,Family member is critically ill. Worked at least 600 insurable employment hours in the last 52 weeks. Employment earnings have decreased by more than 40% because of caregiving.,SIN. Banking info (for direct deposit). ROE. Medical certificate.,No,No,Yes,,,,,X (not available),,X (not available),,,,,,
Employment Insurance: sickness,EI: Sickness,Government of Canada,Employment and Social Development Canada,ESDC,Service Canada,Service Canada,"The Employment Insurance (EI) program offers temporary financial assistance to unemployed workers. This assistance includes providing sickness benefits to people unable to work because of sickness, injury, or quarantine.",Financial Supports: Work-Related,Pure Cash Transfer,Self Initiated - Form,Online application (MyService Canada account) ,Yes,Other,Short-term sickness/disability,SIN. Banking info (for direct deposit). ROE. Medical certificate.,No,No,Yes,,,,,X (not available),,X (not available),,,,,,
Allowance for People Aged 60 to 64,Allowance,Government of Canada,Employment and Social Development Canada,ESDC,Service Canada,Service Canada,The Allowance is a benefit available to low-income individuals aged 60 to 64 who are the spouse or common-law partner of a Guaranteed Income Supplement (GIS) recipient.,Financial Supports: Non-Work,Pure Cash Transfer,Self Initiated - Form,Online application (MyService Canada account) OR print and mail paper form,Yes,Senior AND Low Income,Age 60 - 64. Low-income. Married or common-law. Partner receiving GIS. ,SIN. Partner's SIN. Banking info (for direct deposit).,No,No,No,,,"70,817",58,,,,,,,,,
Allowance for the Survivor,Allowance: Survivor,Government of Canada,Employment and Social Development Canada,ESDC,Service Canada,Service Canada,"The Allowance for the Survivor is a benefit available to people aged 60 to 64 who have a low income, who are living in Canada, and whose spouse or common-law partner has died.",Financial Supports: Non-Work,Pure Cash Transfer,Self Initiated - Form,Online application (MyService Canada account) OR print and mail paper form,Yes,Senior AND Low Income,Age 60 - 64. Low-income. Widowed. ,SIN. Deceased partner's SIN. Banking info (for direct deposit).,No,No,No,,,,,,,,,,,,,
CPP: Children's Benefits,CPP: Children,Government of Canada,Employment and Social Development Canada,ESDC,Service Canada,Service Canada,The Canada Pension Plan (CPP) children's benefits provide monthly payments to the dependent children of disabled or deceased CPP contributors.,Financial Supports: Work-Related,Pure Cash Transfer,Self Initiated - Form,Online application (MyService Canada account) OR print and mail paper form,No,Dependent child(ren),Deceased contributor OR disabled contributor receiving CPP: Disability Benefit who has made enough contributions to CPP during employment. Dependent child(ren).,SIN of child and contributor/guardian. Banking info (for direct deposit).,No,No,Yes,,,89100,374,,,,,,,,,
CPP: Disability Benefit,CPP: Disability,Government of Canada,Employment and Social Development Canada,ESDC,Service Canada,Service Canada,Canada Pension Plan (CPP) provides disability benefits (disability pension and post-retirement disability benefit) to people who have made enough contributions to the CPP and who are disabled and cannot work at any job on a regular basis. ,Financial Supports: Work-Related,Pure Cash Transfer,Self Initiated - Form,Online application (MyService Canada account) OR print and mail paper form,No,Disability,Person with long-term disability who cannot work any job on a regular basis AND made minimum contributions to CPP during employment,SIN. Medical report. Banking info (for direct deposit).,No,No,Yes,,,122300,133,,,,,,,,,
CPP: Death Benefit,CPP: Death,Government of Canada,Employment and Social Development Canada,ESDC,Service Canada,Service Canada,"The Canada Pension Plan (CPP) death benefit is a one-time, lump-sum payment to the estate on behalf of a deceased CPP contributor.",Financial Supports: Work-Related,Pure Cash Transfer,Self Initiated - Form,Online application (MyService Canada account) OR print and mail paper form,No,Other,Deceased contributor must have made minimum contributions to CPP during employment.,SIN of the deceased. Banking info (for direct deposit).,No,No,Yes,,,X (number suppressed),X (number suppressed),,,,,,,,,
CPP: Retirement Pension,CPP: Retirement,Government of Canada,Employment and Social Development Canada,ESDC,Service Canada,Service Canada,"The Canada Pension Plan (CPP) retirement pension provides a monthly benefit to eligible applicants. Individuals can apply for and receive a full CPP retirement pension at age 65 or receive it as early as age 60 with a reduction, or as late as age 70 with an increase",Financial Supports: Work-Related,Pure Cash Transfer,Self Initiated - Form,Online application (MyService Canada account) OR print and mail paper form,No,Senior,At least 60 years old AND made at least one valid contribution to CPP from employment in Canada,SIN. Banking info (for direct deposit).,No,No,Yes,,,1056700,"1,885",,,,,,,,,
CPP: Survivor's Pension,CPP: Survivor,Government of Canada,Employment and Social Development Canada,ESDC,Service Canada,Service Canada,"The Canada Pension Plan (CPP) survivor's pension is paid to the person who, at the time of death, is the legal spouse or common-law partner of the deceased contributor.",Financial Supports: Work-Related,Pure Cash Transfer,Self Initiated - Form,Online application (MyService Canada account) OR print and mail paper form,No,Senior,Spouse/common law of deceased contributor who has made a minimum contribution during employment.,SIN of deceased. SIN of applicant (and children if applicable). Banking info (for direct deposit),No,No,Yes,,,247100,731,,,,,,,,,
Canadian Benefit for Parents of Young Victims of Crime,Victims of Crime,Government of Canada,Employment and Social Development Canada,ESDC,Service Canada,Service Canada,"Parents or legal guardians who have taken time away from work and suffered a loss of income to cope with the death or disappearance of their child or children may be eligible for federal income support of $4,50 per week.",Financial Supports: Work-Related,Pure Cash Transfer,Self Initiated - Form,Online application OR call to receive form and mail back,No,Dependent child(ren) ,Child was a victim of a crime. Reduction in employment earnings. Not receiving EI. Not chaged with the crime.,Employment form from employer. Incident report form from law enforcemnt agency. SIN.,No,No,Yes,,,,,,,,,,,,,
Federal Worker's Compensation,Federal Worker's Comp.,Government of Canada,Employment and Social Development Canada,ESDC,Workers Compensation Board of Alberta,WCB-AB,"Employees of the Public Service of Canada, including those of Crown corporations and agencies, are eligible for the benefits provided by the Government Employees Compensation Act with respect to personal injury resulting from an accident or an occupational disease in the course of their employment.",Financial Supports: Work-Related,Varies,Self Initiated - Form,Online application OR phone app OR by fax,Varies,Injured at work,Injured at work,Medical certificate. Banking info (for direct deposit). Employer report.,Yes,No,Yes,,,,,,,,,,,,https://www.canada.ca/en/employment-social-development/services/health-safety/compensation/geca.html,
Apprenticeship Completion Grant (ACG),ACG,Government of Canada,Employment and Social Development Canada,ESDC,Service Canada,Service Canada,Taxable cash grant for registered apprentices who successfully complete their program,"Education, Training, and Employment",Pure Cash Transfer,Self Initiated - Form,Online application OR print and mail paper form,No,Apprenticeship training,Completion of journeyman certification,SIN. Banking info (for direct deposit).,No,Uncertain,Yes,,,,,,,,,,,,,
Apprenticeship Incentive Grant (AIG),AIG,Government of Canada,Employment and Social Development Canada,ESDC,Service Canada,Service Canada,The Apprenticeship Incentive Grant (AIG) helps you pay for expenses while you train as an apprentice in a designated Red Seal trade.,"Education, Training, and Employment",Pure Cash Transfer,Self Initiated - Form,Online application OR print and mail paper form,No,Apprenticeship training,Enrolled in apprenticeship program,SIN. Banking info (for direct deposit).,No,Uncertain,Yes,,,,,,,,,,,,,
Apprenticeship Incentive Grant for Women,AIG-W,Government of Canada,Employment and Social Development Canada,ESDC,Service Canada,Service Canada,The Apprenticeship Incentive Grant for Women (AIG-W) helps you pay for expenses while you train as an apprentice in a Designated Red Seal Trade where women are underrepresented.,"Education, Training, and Employment",Pure Cash Transfer,Self Initiated - Form,Online application OR print and mail paper form,No,Apprenticeship training,Women AND Enrolled in apprenticeship program,SIN. Banking info (for direct deposit).,No,Uncertain,Yes,,,,,,,,,,,,,
Excise Gasoline Tax Refund,Excise Gasoline Refund,Government of Canada,Department of Finance,Finance,Canada Revenue Agency,CRA,"Individuals who have a permanent mobility impairment and cannot safely use public transportation, can request a refund of part of the federal excise tax on the gasoline you buy. A qualified medical practitioner must certify the impairment",Financial Supports: Non-Work,Bill Refund,Self Initiated - Form,Online application OR print and mail paper form,No,Disability,Persons with a disability who cannot safely use public transit,Medical certificate. Banking info (for direct deposit). Receipts or proof of mileage.,No,No,No,,,,,,,,,,,,,I doubt this is particularly usful in Nunavut which has no (?) public transport system.
Canadian Forces Disability Benefits,Disability Benefits,Government of Canada,Veterans Affairs Canada,Veterans Affairs,Veterans Affairs Canada,Veterans Affairs,"A disability benefit is a tax-free, financial payment to support your well-being. The amount you receive depends on the degree to which your condition is related to your service (entitlement) and the severity of your condition, including its impact on your quality of life (assessment).",Financial Supports: Non-Work,Pure Cash Transfer,Self Initiated - Form,Online application OR print and mail paper form OR in-person,No,Veteran or Canadian Armed Forces AND Disability,Disability must be related to service.,"Permission to access health records. Medical reports. Bank information (for direct deposit). Proof of identity (.g., drivers license).",No,Uncertain,No,,,,,,,,,,,,,
Canadian Forces Income Support,Income Support,Government of Canada,Veterans Affairs Canada,Veterans Affairs,Veterans Affairs Canada,Veterans Affairs,"The Canadian Forces Income Support is a tax-free monthly benefit. It helps low-income CAF Veterans who no longer qualify for the Earnings Loss Benefit, after participating in the Rehabilitation program.",Financial Supports: Non-Work,Pure Cash Transfer,Self Initiated - Form,Online application OR print and mail paper form OR in-person,Yes,Veteran or Canadian Armed Forces AND Low Income,,,No,Uncertain,No,,,,,,,,,,,,,
Canadian Forces Income Replacement Benefit,Income Replacement,Government of Canada,Veterans Affairs Canada,Veterans Affairs,Veterans Affairs Canada,Veterans Affairs,The Income Replacement Benefit provides income assistance to maintain income while taking part in the VAC rehabilitation program.,Financial Supports: Work-Related,Pure Cash Transfer,Self Initiated - Form,Online application OR print and mail paper form OR in-person,Yes,Veteran or Canadian Armed Forces,Diminished or no earnings,,No,Uncertain,Yes,,,,,,,,,,,,,
Home Buyer's Plan,Home Buyer's Plan,Government of Canada,Employment and Social Development Canada,ESDC,Canada Revenue Agency,CRA,"The Home Buyers' Plan (HBP) is a program that allows individuals to withdraw up to $25,000 in a calendar year from their registered retirement savings plans (RRSPs) to buy or build a qualifying home for themself or for a related person with a disability",Housing,Pure In-Kind,Self Initiated - Form,Print and return form to RRSP provider.,No,Homeowner,First time home buyer. Home is for applicant or family member with a disability.  Intended to be principal place of residence.,Proof of purchase/contract for building. SIN.,,,,,,,,,,,,,,,https://www.canada.ca/en/revenue-agency/services/tax/individuals/topics/rrsps-related-plans/what-home-buyers-plan/participate-home-buyers-plan.html,
First Time Home Buyer Incentive,FTHBI,Government of Canada,Employment and Social Development Canada,ESDC,Canada Mortgage and Housing Corporation,CMHC,A means-tested program to be administered by CMHC that helps first-time home buyers by advancing up to 10 percent of the home purchase price for CMHC-insured mortgages so they can take out a smaller mortgage and keep monthly payments lower.  Not yet available in Nunavut (nor most of Canada).,Housing,Pure In-Kind,Self Initiated - Form,,,Homeowner,New house,,,,,,,,,,,,,,,,,
NTI Post-Secondary Scholarships,Post-Secondary Scholar.,Nunavut Tunngavik Inc.,Nunavut Tunngavik Inc.,Nunavut Tunngavik,Nunavut Tunngavik Inc.,Nunavut Tunngavik,"For students enrolled in a recognized post-secondary institution such as a college or university for: An education program that leads to a bachelor degree or higher degree, a  diploma-leading program that is two academic years or longer in duration, a post-secondary preparatory program with a duration of at least one academic year or longer, the objective of which is to prepare a student to enroll into a degree-leading program or a diploma-leading program as described above. The Post-Secondary Scholarship will be awarded in two $1,250 installments (September and January). Students must be enrolled in full-time studies for both the fall and winter semesters.

Nunavut Tunngavik Inc. administers the Scholarships Program, held in trust under the Nunavut Tunngavik Foundation (NTF) that was created to receive the remainder surplus from of the Common Experience Payment Trust Fund in accordance with the Residential School Settlement Agreement. ","Education, Training, and Employment",Cash Geared to Cost,Self Initiated - Form,Online application. Email or mail back to NTI.,No,Nunavut Agreement,Enrolled under the Nunavut Agreement. Full time student in both fall and winter semesters.,SIN. Proof of post-secondary enrollment. Bank info (for direct deposit).,No,Uncertain,Uncertain,,,,,,,,,,,,https://www.tunngavik.com/initiative_pages/nunavut-tunngavik-foundation/,
NTI Skills and Employment Advancement Scholarships,Skills & Employment Scholar.,Nunavut Tunngavik Inc.,Nunavut Tunngavik Inc.,Nunavut Tunngavik,Nunavut Tunngavik Inc.,Nunavut Tunngavik,"For students in a program that is four weeks or longer, but less than two years, related to: trades training, skill development training, or upgrading in a program (A.B.E., P.A.S.S., G.E.D., Foundation Year, pre-trades, etc). Amount: $1,500.

Nunavut Tunngavik Inc. administers the Scholarships Program, held in trust under the Nunavut Tunngavik Foundation (NTF) that was created to receive the remainder surplus from of the Common Experience Payment Trust Fund in accordance with the Residential School Settlement Agreement. ","Education, Training, and Employment",Cash Geared to Cost,Self Initiated - Form,Online application. Email or mail back to NTI.,No,Nunavut Agreement,Enrolled under the Nunavut Agreement. Full time student.,SIN. Proof of enrollment. Bank info (for direct deposit).,No,Uncertain,Uncertain,,,,,,,,,,,,https://www.tunngavik.com/initiative_pages/nunavut-tunngavik-foundation/,
Community Hunt Program,Community Hunt,Nunavut Tunngavik Inc.,Nunavut Tunngavik Inc.,Nunavut Tunngavik,Hunter and Trapper Organizations,Hunter and Trapper Organizations,"The Community Hunt Program provides funding and assistance to organizations or groups interested in participating in community hunts. Eligible organizations include incorporated entities such as
Hamlets, HTOs, RWOs and not-for-profit organizations. Unincorporated and informal groups of hunters are also eligible. Businesses will not be eligible to receive funding under this program. Funding amounts are based on community size, nature of the proposed hunt, and number of harvesters involved.",Financial Supports: Work-Related,Cash Geared to Cost,Self Initiated - Form,Online application OR visit NHSP office in-person,No,Nunavut Agreement,"Incorporporated entity or unincorporated group of at least 5 people. Commit to distribute at least 50% of the catch to the community. Be able obtain a harvesting permit, tag or appropriate allocation, if required, for the proposed species to be harvested.",,No,No,No,,,,,,20 communities (out of 25 possibly eligible),,,,,,https://www.tunngavik.com/initiative_pages/nunavut-harvester-support-program/community-hunt-program/,"Note that the money can be spent on equipment and supplies needed for the hunt, including food for the hunters but cannot be allocated as wages to the hunters"
Harvesting Equipment Program,Harvest Equipment,Nunavut Tunngavik Inc.,Nunavut Tunngavik Inc.,Nunavut Tunngavik,Hunter and Trapper Organizations,Hunter and Trapper Organizations,"The Harvesting Equipment Program provides Inuit in Nunavut in need with funding assistance to make harvesting equipment and tools more affordable, so that they can participate in traditional harvesting activities.",Financial Supports: Work-Related,Cash Geared to Cost,Self Initiated - Form,Online application OR visit NHSP office in-person,No,Nunavut Agreement,"16 years or older. Beneficiary of the Nunavut Land Claims Agreement. Have not already received more than $1,000 in the fiscal year from NHSP.",Receipts of eligible expenses.,No,No,No,,,,,,174 persons,,,,,,https://www.tunngavik.com/initiative_pages/nunavut-harvester-support-program/harvesting-equipment-program/,"Although the documents suggest that you must be in ""need of financial assistance"", no where on the application forms is a person expected to put in and give access to income information"